ID,sku,name,price
1655,HWP9PLUS003,For Huawei P9 Plus LCD Display Original New Gold,680
1654,HWH9002,For Huawei Honor 9 LCD Display Original New Blue,300
1653,HWH9001,For Huawei Honor 9 LCD Display Original New Gold,300
1652,SONM5381,For Sony Xperia M5 Back Cover White,3
1651,SONM508,For Sony Xperia M5 Back Cover Black,3
1650,HWH9036,For Huawei Honor 9 Audio Flex,6
1649,HWH9029,For Huawei Honor 9 Earpiece,2
1648,HWH9028,For Huawei Honor 9 Speaker,12
1647,HWP10LITE024,For Huawei P10 Lite Earpiece,2
1646,HWP10LITE023,For Huawei P10 Lite Power Flex,6
1645,HWP10LITE022,For Huawei P10 Lite Front Camera,12
1644,HWP10LITE021,For Huawei P10 Lite Back Camera,23
1643,SONXZS031,For Sony Xperia XZ/XZS Home Button Flex Sliver,4
1642,SONXZS030,For Sony Xperia XZ/XZS Sim Holder,2
1641,SONXZS028,For Sony Xperia XZ/XZS Power,23
1640,SONXZS026,For Sony Xperia XZ/XZS Speaker,10
1639,SONXZS024,For Sony Xperia XZ/XZS Charger,23
1638,SONXZS023,For Sony Xperia XZ/XZS Front Camera,15
1637,SONXZS021,For Sony Xperia XZ/XZS Audio Jack Flex,15
1636,SONXA1032,For Sony Xperia XA1 Sim Holder With Plus Black,20
1635,SONXA1031,For Sony Xperia XA1 Sim Holder With Plus Gold,20
1634,SONXA1024,For Sony Xperia XA1 Charger,42
1633,SONXZP034,For Sony Xperia XZ Premium Front Camera,15
1632,SONXZP033,For Sony Xperia XZ Premium Back Camera,70
1631,6sp024,For iPhone 6S Plus Hard Disk NAND Flash Memory IC 16GB,20
1630,6S022,For iPhone 6S Hard Disk NAND Flash Memory IC 16GB,20
1629,6P021,For iPhone 6 Plus Hard Disk NAND Flash Memory IC 16GB,20
1628,6G021,For iPhone 6 Hard Disk NAND Flash Memory IC 16GB,20
1627,7P022,For iPhone 7 Plus LCD Connectors Protector Plate,0.7
1626,7P021,For iPhone 7 Plus Display Back Metal plate,7
1625,7G022,For iPhone 7 Plus LCD Connectors Protector Plate,0.7
1624,7G021,For iPhone 7 Display Back Metal plate,5
1623,6SP023,For iPhone 6S Plus LCD Connectors Protector Plate,0.5
1622,6SP022,For iPhone 6S Plus Display Back Metal plate,5
1621,6S021,For iPhone 6S LCD Connectors Protector Plate,0.4
1620,TOOL1071,3.5X-90X Simul-Focal Boom Stereo Microscope + 2 20X ,2650
1619,TOOL1070,UYUE 968 LCD Screen Repair Separator Machine ,350
1618,4.89706E+12,For iPhone 8 3D 0.2mm Tempered Glass Screen Protector Black,100
1617,AP120,For iPad Air 2 LCD Display Original New White,880
1616,AP108,For iPad Air 2 LCD Display Original New Black,880
1615,t605024,For iPhone 5/5S/5C PU Leather Case White,10
1614,AP203,For iPad Air Touch Complete Original White,99
1613,6G60,For iPhone 6 Housing Complete Silver,158
1612,6G59,For iPhone 6 Housing Complete Gold,158
1611,4.89706E+12,For Samsung Galaxy Grand 2 Tempered Glass Screen Protector,1.9
1610,4.89706E+12,For Samsung Galaxy SM-G955F S8 Plus 3D Tempered Glass Screen Protector Black,10
1609,4.89706E+12,For Samsung Galaxy SM-G950F S8 3D Tempered Glass Screen Protector Black,9
1608,SAMG935F281,For Samsung Galaxy SM-G935F S7 Edge Back Cover Black without camera cover,
1607,HWP9PLUS002,For Huawei P9 Plus LCD Display Original New White,650
1606,HWP10002,For Huawei P10 LCD LCD Display Original New White,360
1605,HWP10001,For Huawei P10 LCD LCD Display Original New Black,360
1604,HWM9004,For Huawei Mate 9 LCD Display Original New Mocha Gold,240
1603,HWM9003,For Huawei Mate 9 LCD Display Original New Gold,240
1602,HWM9002,For Huawei Mate 9 LCD Display Original New White,240
1601,HWP10PLUS002,For Huawei P10 Plus LCD Display Original New White,450
1598,SONL1082,For Sony Xperia L1 Back Cover White,30
1597,SONL1081,For Sony Xperia L1 Back Cover Black,30
1596,SONXA1083,For Sony Xperia XA1 Back Cover Pink,18
1595,SONXA1082,For Sony Xperia XA1 Back Cover Gold,18
1594,SONXA1081,For Sony Xperia XA1 Back Cover Black,18
1593,SONXA1021,For Sony Xperia XA1 Audio Jack Flex ,20
1592,HWH9025,For Huawei Honor 9 Fingerprint Sensor Grey,15
1591,HWH9024,For Huawei Honor 9 Fingerprint Sensor Blue,15
1590,HWH9023,For Huawei Honor 9 Fingerprint Sensor Gold,5
1589,HWH9022,For Huawei Honor 9 Power Flex,5
1588,HWH9021,For Huawei Honor 9 Back Camera,25
1587,SAMJ720F081,For Samsung Galaxy SM-J720F J7 (2017) Back Cover Gold,6
1586,SAMG7106221,For Samsung Galaxy G7106 Grand 2 Touch Black,13
1585,SAMT560222,For Samsung SM-T560 TAB E 9.6 Touch White,35
1584,SAMT560221,For Samsung SM-T560 TAB E 9.6 Touch Black,35
1583,SAMA510F121,For Samsung Galaxy SM-A510F A5 (2016) Home Button Flex Black,25
1582,SAMG935F122,For Samsung Galaxy SM-G935F S7 Edge Home Button Flex Black,55
1581,SAMG935F121,For Samsung Galaxy SM-G935F S7 Edge Home Button Flex Gold,55
1580,4.89706E+12,For Samsung Galaxy SM-G955F S8 Plus Silicone Plain Matte Case Light Green,15
1579,4.89706E+12,For Samsung Galaxy SM-G955F S8 Plus Silicone Plain Matte Case Mint Green,15
1578,4.89706E+12,For Samsung Galaxy SM-G955F S8 Plus Silicone Plain Matte Case White,15
1577,4.89706E+12,For Samsung Galaxy SM-G955F S8 Plus Silicone Plain Matte Case Black,15
1576,4.89706E+12,For Samsung Galaxy SM-G955F S8 Plus Silicone Plain Matte Case Pink,15
1575,4.89706E+12,For iPhone 7 Plus Silicone Plain Matte Case Grey,15
1574,4.89706E+12,For iPhone 7 Plus Silicone Plain Matte Case Red,15
1573,4.89706E+12,For iPhone 7 Plus Silicone Plain Matte Case Midnight Blue,15
1572,4.89706E+12,For iPhone 7 Plus Silicone Plain Matte Case Black,15
1571,4.89706E+12,For iPhone 7 Silicone Plain Matte Case Black,15
1570,6.97048E+12,OTE80 Sports wireless Bluetooth in-ear earbuds Built-in Mic Sweat proof earphone with bass,30
1569,6.93901E+13,X3 In Ear 3.5mm Noise Cancelling Stereo Earbuds With Microphone Grey,11
1568,6.93901E+13,X3 In Ear 3.5mm Noise Cancelling Stereo Earbuds With Microphone Pink,11
1567,6.93901E+13,X3 In Ear 3.5mm Noise Cancelling Stereo Earbuds With Microphone Gold,11
1566,6.93901E+13,FS-004 In Ear 3.5mm Noise Cancelling Stereo Earbuds With Microphone Silver,14.5
1565,6.93901E+13,FS-004 In Ear 3.5mm Noise Cancelling Stereo Earbuds With Microphone Brown,14.5
1564,6.94801E+13,Z6000 Sweatproof Neckband Bluetooth Headset Sport Earphone HIFI Stereo Calls Remind Headphone Glod,90
1563,6.94801E+13,Z6000 Sweatproof Neckband Bluetooth Headset Sport Earphone HIFI Stereo Calls Remind Headphone Silver,90
1562,6.94801E+13,Z6000 Sweatproof Neckband Bluetooth Headset Sport Earphone HIFI Stereo Calls Remind Headphone Pink,90
1561,6.94801E+13,Z6000 Sweatproof Neckband Bluetooth Headset Sport Earphone HIFI Stereo Calls Remind Headphone Black,90
1560,4.89706E+12,For Samsung Galaxy SM-G950F S8 Silicone Plain Matte Case Light Green,15
1559,4.89706E+12,For Samsung Galaxy SM-G950F S8 Silicone Plain Matte Case Mint Green,15
1558,4.89706E+12,For Samsung Galaxy SM-G950F S8 Silicone Plain Matte Case White,15
1557,4.89706E+12,For Samsung Galaxy SM-G950F S8 Silicone Plain Matte Case Black,15
1556,4.89706E+12,For Samsung Galaxy SM-G950F S8 Silicone Plain Matte Case Pink,15
1555,4.89706E+12,For iPhone 7 Silicone Plain Matte Case Red,15
1554,4.89706E+12,For iPhone 7 Silicone Plain Matte Case Grey,15
1553,4.89706E+12,For iPhone 7 Silicone Plain Matte Case Midnight Blue,15
1552,4.89706E+12,For iPhone 6/6S Silicone Plain Matte Case Black,15
1551,4.89706E+12,For iPhone 6 Plus/6S Plus Silicone Plain Matte Case Black,15
1550,4.89706E+12,For iPhone 6/6S Silicone Plain Matte Case Pink,15
1549,4.89706E+12,For iPhone 6 / 6S Silicone Plain Matte Case Red,15
1548,4.89706E+12,For iPhone 6 / 6S Silicone Plain Matte Case Midnight Blue,15
1547,HWH5C121,For Huawei Honor 5C Charger Flex,25
1546,HWH8LITE122,For Huawei Honor 8 Lite Earpiece,2
1545,HWH8LITE121,For Huawei Honor 8 Lite Antenna Cable,1.5
1544,HWH8LITE035,For Huawei Honor 8 Lite Battery,20
1543,HWH8LITE034,For Huawei Honor 8 Lite Sensor ,15
1542,HWH8LITE033,For Huawei Honor 8 Lite Speaker,7
1541,HWH8LITE032,For Huawei Honor 8 Lite Motherboard Flex Cable,10
1540,HWH8LITE031,For Huawei Honor 8 Lite Sim Holder White,14
1539,HWH8LITE030,For Huawei Honor 8 Lite Sim Holder Black ,10
1538,HWH8LITE029,For Huawei Honor 8 Lite Front Camera,12
1537,HWH8LITE028,For Huawei Honor 8 Lite Back Camera,25
1536,HWH8LITE027,For Huawei Honor 8 Lite Home Button Connector Flex ,6
1535,HWH8LITE026,For Huawei Honor 8 Lite Home Button Flex Blue,12
1534,HWH8LITE025,For Huawei Honor 8 Lite Home Button Flex Gold,12
1533,HWH8LITE024,For Huawei Honor 8 Lite Home Button Flex White,12
1532,HWH8LITE023,For Huawei Honor 8 Lite Home Button Flex Black,12
1531,HWH8LITE022,For Huawei Honor 8 Lite Charger Flex,18
1530,HWH8LITE021,For Huawei Honor 8 Lite Power Flex,5
1529,4.89706E+12,For iPhone 7 Plus Plain PU Leather Magnetic detachable Zipper Wallet Case Red,26
1528,4.89706E+12,For iPhone 7 Plus Plain PU Leather Magnetic detachable Zipper Wallet Case Black,26
1527,4.89706E+12,For iPhone 6 Plain PU Leather Magnetic detachable Zipper Wallet Case Red,26
1526,4.89706E+12,For iPhone 6 Plain PU Leather Magnetic detachable Zipper Wallet Case Black,26
1525,4.89706E+12,For iPhone 7 Plain PU Leather Magnetic detachable Zipper Wallet Case Red,26
1524,4.89706E+12,For iPhone 7 Plain PU Leather Magnetic detachable Zipper Wallet Case Black,26
1523,4.89706E+12,For iPhone 7 Plus PU Leather Kickstand Card Pocket Case Brown,14
1522,4.89706E+12,For iPhone 7 Plus PU Leather Kickstand Card Pocket Case Black,14
1521,4.89706E+12,For iPhone 6 PU Leather Kickstand Card Pocket Case Brown,14
1520,4.89706E+12,For iPhone 6 PU Leather Kickstand Card Pocket Case Black,14
1519,4.89706E+12,For iPhone 7 PU Leather Kickstand Card Pocket Case Brown,14
1518,4.89706E+12,For iPhone 7 PU Leather Kickstand Card Pocket Case Black,14
1517,4.89706E+12,For iPhone 7 Plus PU Leather Magnetic detachable Card Pocket Case Black,11
1516,4.89706E+12,For iPhone 7 PU Leather Magnetic detachable Card Pocket Case Black,11
1515,4.89706E+12,For iPhone 6/6S PU Leather Magnetic detachable Card Pocket Case Black,11
1514,4.89706E+12,For Samsung Galaxy SM-G955F S8 Plus PU Leather Magnetic detachable Case Brown,15
1513,4.89706E+12,For Samsung Galaxy SM-G955F S8 Plus PU Leather Magnetic detachable Case Black,15
1512,4.89706E+12,For Samsung Galaxy SM-G935F S7 Edge PU Leather Magnetic detachable Case Brown,15
1511,4.89706E+12,For Samsung Galaxy SM-G935F S7 Edge PU Leather Magnetic detachable Case Black,15
1510,4.89706E+12,For Samsung Galaxy SM-G950F S8 PU Leather Magnetic detachable Case Brown,15
1509,4.89706E+12,For Samsung Galaxy SM-G950F S8 PU Leather Magnetic detachable Case Black,15
1508,4.89706E+12,For iPhone 5/5S/5SE PU Leather Magnetic detachable Case Red,15
1507,4.89706E+12,For iPhone 5/5S/5SE PU Leather Magnetic detachable Case Blue,15
1506,4.89706E+12,For iPhone 5/5S/5SE PU Leather Magnetic detachable Case Brown ,15
1505,4.89706E+12,For iPhone 5/5S/5SE PU Leather Magnetic detachable Case Black ,15
1504,4.89706E+12,For iPhone 7 Plus PU Leather Magnetic detachable Case Red,15
1503,4.89706E+12,For iPhone 7 Plus PU Leather Magnetic detachable Case Blue,15
1502,4.89706E+12,For iPhone 7 Plus PU Leather Magnetic detachable Case Brown ,15
1501,4.89706E+12,For iPhone 7 Plus PU Leather Magnetic detachable Case Black,15
1500,4.89706E+12,For iPhone 6 PU Leather Magnetic detachable Case Red,15
1499,4.89706E+12,For iPhone 6 PU Leather Magnetic detachable Case Blue ,15
1498,4.89706E+12,For iPhone 6 PU Leather Magnetic detachable Case Brown,15
1497,4.89706E+12,For iPhone 6 PU Leather Magnetic detachable Case Black ,15
1496,4.89706E+12,For iPhone 7 PU Leather Magnetic detachable Case Red ,15
1495,4.89706E+12,For iPhone 7 PU Leather Magnetic detachable Case Blue ,15
1494,4.89706E+12,For iPhone 7 PU Leather Magnetic detachable Case Brown,15
1493,4.89706E+12,For iPhone 7 PU Leather Magnetic detachable Case Black ,15
1492,6.93901E+12,X3 In Ear 3.5mm Noise Cancelling Stereo Earbuds With Microphone ,11
1488,4897058386035?,For iPhone 6 2.5D 0.3mm 9H Tempered Glass Screen Protector Black,4.4
1487,4.89706E+12,For iPhone 6 2.5D 0.3mm 9H Tempered Glass Screen Protector White,4.4
1486,4.89706E+12,"For iPad Pro 10.5"" Screen Protector Retina Tempered Glass Film",11.78
1485,TOOL1069,BST (148-154) Metal Pry Bars,18
1484,TOOL1068,BST-148 Metal Pry Bar,5.5
1483,TOOL1067,iSesame Opening Tool,3
1482,TOOL1066,BST-004 Roller Opening Tool,8
1481,TOOL1065,8821 Opening Tool,4.5
1480,TOOL1064,BST-ESD-11 Anti-Static Tweezers,7
1479,TOOL1063,BST-ESD-13 Anti-Static Tweezers,7
1478,TOOL1062,BST-ESD-15 Anti-Static Tweezers,7
1477,TOOL1061,BST-150 Drawing Tweezers,5.5
1476,TOOL1060,BST-215SA Matt Tweezers,5.5
1475,TOOL1059,BST-211SA Matt Tweezers,5.5
1474,TOOL1058,BST-214SA Matt Tweezers,5.5
1473,TOOL1057,BST-668S Y 0.6 Screwdriver/Opening Tools Kit,8
1472,4.89706E+12,For iPad Mini Screen Protector Retina Tempered Glass Film,8.58
1471,4897058380194N,For iPad Air /iPad Air2 Screen Protector Retina Tempered Glass Film,11.58
1470,4.89706E+12,For iPad 2/iPad 3 Screen Protector Retina Tempered Glass Film,11.88
1469,4.89706E+12,For Samsung Galaxy SM-G390 Xcover 4 Tempered Glass Screen Protector,
1468,SAMG925F081,For Samsung Galaxy SM-G925F S6 Edge Rear Housing Middle Frame Bezel Case Cover,70
1467,IPA303,For iPad 3 Digitizer Touch Screen Replacement -OEM Black,25
1466,6S121,For iPhone 6s Home Button Metal Holder,0.2
1465,7G121,For iPhone 7 Home Button Metal Holder,0.8
1464,6SP021,For iPhone 6s Plus Home Button Metal Holder,0.2
1463,7P121,For iPhone 7 Plus Home Button Metal Holder,0.8
1462,6G121,For iPhone 6 / 6 Plus Home Button Metal Holder,0.1
1461,4.89706E+12,For iPhone 7 Plus 3D Full Cover Tempered Glass Screen Protector Gold,10
1460,AP140,For iPad 4 Digitizer Touch Screen Replacement -OEM White,45
1459,SONXZP026,For Sony Xperia XZ Premium Speaker,8
1458,SONXZP025,For Sony Xperia XZ Premium Power Flex,30
1457,SONXZP024,For Sony Xperia XZ Premium Charger Flex,20
1456,SONXZP023,For Sony Xperia XZ Premium Home Button Flex White,6
1455,SONXZP022,For Sony Xperia XZ Premium Home Button Flex Black,6
1454,SONXZP021,For Sony Xperia XZ Premium Audio Flex,10
1453,SONXZP027,For Sony Xperia XZ Premium Sim Holder,4
1452,SONXZP028,For Sony Xperia XZ Premium Sim Holder Plug White,8
1451,SONXZP029,For Sony Xperia XZ Premium Sim Holder Plug Black,8
1450,SONXZP030,For Sony Xperia XZ Premium Vibrator,6
1449,SONXZP031,For Sony Xperia XZ Premium NFC,7
1448,AP101,For iPad Air 2 Digitizer Touch Screen Replacement-Original Black,80
1447,AP102,For iPad Air 2 Digitizer Touch Screen Replacement-Original White,80
1446,SONXZP003,For Sony Xperia XZ Premium LCD Display Original New Pink,480
1445,SONZ5102A,For Sony Xperia Z5 LCD Display Original White with frame,190
1444,SAMG950F281,For Samsung SM-G950F S8 Back Cover-Gold,23
1443,SONZ5101A,For Sony Xperia Z5 LCD Display Original Black with frame,190
1442,AP111,For iPad Air 2/iPad mini 4/iPad Pro 12.9 Home Button Complete Black,7
1441,AP112,For iPad Air 2/iPad mini 4/iPad Pro 12.9 Home Button Complete White,7
1440,AP113,For iPad Air 2/iPad mini 4/iPad Pro 12.9 Home Button Complete Gold,7
1439,HUAP901,For Huawei P9 LCD Display Original Black,180
1438,IPAR2122,For iPad Air 2 Loud Speaker Replacement,30
1437,IPAR2121,For iPad Air 2/iPad mini 4/iPad Pro 12.9 Front Camera Replacement With Sensor Flex Cable Ribbon,8
1436,IPAR2022,For iPad Air 2 Wifi Antenna Replacement With Flex Cable Ribbon ,7
1435,IPAR2021,For iPad Air 2 Volume Button with Flex Cable Ribbon ,5
1434,SAMG950F02C,For Samsung SM-G950F S8 LCD Display Black With Frame And Battery And Small Parts,1630
1433,SAMG950F02A,For Samsung SM-G950F S8 LCD Display Black With Frame And Small Parts,1630
1432,SAMG935F36,For Samsung SM-G935F S7 Edge LCD Display Original New Gold With Frame,1590
1430,6G89,For iPhone 6 LCD Display OEM (SC) Black,83
1429,6G101,For iPhone 6 LCD Display OEM (Sharp) Black,103
1428,6G102,For iPhone 6 LCD Display OEM (Sharp) White,103
1427,6P522B,For iPhone 6 Plus LCD Display OEM (COG) Black With Small Parts,123.4
1426,5S87,For iPhone 5S LCD Display OEM (TM) White With Small Parts,81.75
1425,5S86,For iPhone 5S LCD Display OEM (TM) Black With Small Parts,91
1424,5S67,For iPhone 5S LCD Display OEM (SC) Black,59
1423,6SP01,For iPhone 6S Plus LCD Display Original New Black,520
1422,6S91,For iPhone 6S LCD Display OEM (AUO) Black,117
1421,6S90,For iPhone 6S LCD Display OEM (AUO) White,139
1419,5G030,For iPhone 5 LCD Display OEM (SC) Black,58
1418,5C54,For iPhone 5C LCD Display OEM (TM) Black,62
1417,4897058386011?,For iPhone 6/6S Front and Back Breaking Proof Case 360° Full Cover Case Crystal Black ,
1416,4897058386004?,For iPhone 6/6S Front and Back Breaking Proof Case 360° Full Cover Case Crystal White ,
1415,4.89706E+12,For Samsung Galaxy SM-A320F A3 (2017) Front and Back Breaking Proof Case 360° Full Cover Crystal White,3
1414,4.89706E+12,For Samsung Galaxy SM-A520F A5 (2017) Front and Back Breaking Proof Case 360° Full Cover Crystal White,3
1413,HWP10321,For Huawei P10 LCD Front Frame Housing /LCD Display Sticker Adhesive,1
1412,HWM9P321,For Huawei Mate 9 Pro Front Frame Housing /LCD Display Sticker Adhesive,1.5
1411,HWP9P321,For Huawei P9 Plus Front Frame Housing /LCD Display Sticker Adhesive,1.5
1410,HWM9321,For Huawei Mate 9 Front Frame Housing /LCD Display Sticker Adhesive,1.5
1409,HWP10LITE321,For Huawei P10 Lite Battery Back Cover Sticker Adhesive,0.8
1408,HWH8LITE322,For Huawei Honor 8 Lite Battery Back Cover Sticker Adhesive,0.8
1407,HWH8LITE321,For Huawei Honor 8 Lite Front Frame Housing /LCD Display Sticker Adhesive,1
1406,HWH7101A,For Huawei Honor 7 LCD Display with frame Original Black ,
1405,6P523,For iPhone 6 Plus LCD Display OEM (AUO) White,122
1404,6P521,For iPhone 6 Plus LCD Display OEM (COG) Black,122
1403,IPAR201,For iPad Air 2 LCD Display Original Assembly Black,880
1402,4.89706E+12,For iPhone 7 Front and Back Breaking Proof Case 360° Full Cover Crystal White,3
1401,4.89706E+12,For iPhone 7 Plus Front and Back Breaking Proof Case 360° Full Cover Crystal White,3
1400,4.89706E+12,For Samsung SM-G925F Galaxy S6 Edge Front and Back Breaking Proof Case 360° Full Cover Crystal White,3
1399,4.89706E+12,For Samsung SM-G920F Galaxy S6 Front and Back Breaking Proof Case 360° Full Cover Crystal White,3
1398,4.89706E+12,For Samsung SM-G955F Galaxy S8 Plus Front and Back Breaking Proof Case 360° Full Cover Crystal White,3
1397,4.89706E+12,For Samsung SM-G950F Galaxy S8 Front and Back Breaking Proof Case 360° Full Cover Crystal White,3
1396,4.89706E+12,For Samsung SM-G935F Galaxy S7 Edge Front and Back Breaking Proof Case 360° Full Cover Crystal White,3
1395,4.89706E+12,For Samsung SM-G930F Galaxy S7 Front and Back Breaking Proof Case 360° Full Cover Crystal White,3
1394,7P51,For iPhone 7 Plus LCD Display Original Assembly White,580
1393,SONZ3P202,For Sony Xperia Z3 Compact LCD Screen Display With Touch Screen Digitizer Assembly-Changed Glass White,165
1392,SONZ3P201,For Sony Xperia Z3 Compact LCD Screen Display With Touch Screen Digitizer Assembly-Changed Glass Black,160
1391,SONZ1C201,For Sony Xperia Z1 Compact LCD Screen Display With Touch Screen Digitizer Assembly-Changed Glass Black,145
1390,SAMG955F001A,For Samsung Galaxy SM-G955F S8 Plus LCD Display Original New Black with frame,1660
1389,HWH7202,For Huawei P10 Lite LCD Screen Display With Touch Screen Digitizer Assembly-OEM White,105
1388,HWP9LITE001,For Huawei P10 Lite LCD Screen Display With Touch Screen Digitizer Assembly-Original Black,95
1387,SAMG930F025BK,Dust Mesh/Ear Speaker Grill For Samsung SM-G930F/G935F/N930F/Note 7 Black,1
1385,SONZ5011,For Sony Xperia Z5 Small Plug in Gold,7
1384,SONZ5010,For Sony Xperia Z5 Small Plug in Black,7
1383,SONZ5009,For Sony Xperia Z5 Power Flex,25
1382,SONZ5008,For Sony Xperia Z5 E6653 Back Adhesive,1
1381,SONZ5007,For Sony Xperia Z5 E6653 Front Adhesive,0.8
1380,SONZ5006,For Sony Xperia Z5 Back Cover Gold ,3.3
1379,SONZ5005,For Sony Xperia Z5 Back Cover White,3.3
1378,SONZ5004,For Sony Xperia Z5 Back Cover Black,3.3
1377,SONZ5002,For Sony Xperia Z5 E6653 LCD White,155
1376,SONZ5001,For Sony Xperia Z5 E6653 LCD Complete Black,155
1375,SONZ2001,For Sony Xperia Z2 LCD Black Original New,165
1374,SONZ305,For Sony Xperia Z3 Coaxial Cable for Antenna,4
1373,SONZ304,For Sony Xperia Z3 LCD With Frame Original Gold,200
1372,SONZ303,For Sony Xperia Z3 LCD With Frame Original Gold,200
1371,SONZ302,For Sony Xperia Z3 LCD With Frame Original White,200
1370,SONZ301,For Sony Xperia Z3 LCD With Frame Original Black,200
1369,SONZ5P019,For Sony Xperia Z5 Premium Coaxial Cable for Antenna,1
1368,SONZ5P018,For Sony Xperia Z5 Premium Speaker,2
1367,SONZ5P017,For Sony Xperia Z5 Premium Earpiece,2
1366,SONZ5P016,For Sony Xperia Z5 Premium Front Camera,12
1365,SONZ5P015,For Sony Xperia Z5 Premium Back Camera,58
1364,SONZ5P013,For Sony Xperia Z5 Premium Small Plug in White,9.5
1363,SONZ5P012,For Sony Xperia Z5 Premium Small Plug in Gold,12
1362,SONZ5P011,For Sony Xperia Z5 Premium Small Plug in Black,12
1361,SONZ5P010,For Sony Xperia Z5 Premium Audio Flex,17
1360,SONZ5P009,For Sony Xperia Z5 Premium Charging Connector Flex,12
1359,SONZ5P008,For Sony Xperia Z5 Permium E6853 Power & Volume Flex,30
1358,SONZ5P007,For Sony Xperia Z5 Premium E6853 Back Adhesive ,1
1357,SONZ5P006,For Sony Xperia Z5 Premium E6853 Front Adhesive ,1
1356,SONZ5P005,For Sony Xperia Z5 Premium E6853 Back Cover Gold,4.5
1355,SONZ5P004,For Sony Xperia Z5 Premium E6853 Back Cover chrom,18
1354,SONZ5P003,For Sony Xperia Z5 Premium Back Cover Black,4
1353,SONZ5P001,For Sony Xperia Z5 Premium E6853 LCD Black,230
1352,SONZ5C027,For Sony Xperia Z5 Compact Back Camera flash flex cable,6
1351,SONZ5C025,For Sony Xperia Z5 Compact LCD With Frame Original Red,320
1350,SONZ5C024,For Sony Xperia Z5 Compact LCD With Frame Original Yellow,200
1349,SONZ5C023,For Sony Xperia Z5 Compact LCD With Frame Original Black,200
1348,SONZ5C022,For Sony Xperia Z5 Compact LCD With Frame Original White,320
1347,SONZ5C021,For Sony Xperia Z5 Compact Reader,5.5
1346,SONZ5C020,For Sony Xperia Z5 Compact Speaker,4
1345,SONZ5C019,For Sony Xperia Z5 Compact Back Camera,60
1344,SONZ5C018,For Sony Xperia Z5 Compact Front Camera,13
1343,SONZ5C017,For Sony Xperia Z5 Compact NFC Antenna,5
1342,SONZ5C016,For Sony Xperia Z5 Compact Main Antenna,32
1341,SONZ5C015,For Sony Xperia Z5 Compact Charging Connector Flex,10
1340,SONZ5C014,For Sony Xperia Z5 Compact Back Cover Yellow,3.3
1339,SONZ5C013,For Sony Xperia Z5 Compact Back Cover Coral,3.3
1338,SONZ5C012,For Sony Xperia Z5 Compact Audio Flex,10
1337,SONZ5C011,For Sony Xperia Z5 Compact Small Plug in Yellow,8.5
1336,SONZ5C010,For Sony Xperia Z5 Compact Small Plug in White,7
1333,SONZ5C009,For Sony Xperia Z5 Compact Small Plug in Red,7
1332,SONZ5C008,For Sony Xperia Z5 Compact Small Plug in Black,7
1331,SONZ5C007,For Sony Xperia Z5 Compact Power & Volume Flex,40
1330,SONZ5C006,For Sony Xperia Z5 Compact E5823 Back Adhesive,0.8
1329,SONZ5C005,For Sony Xperia Z5 Compact E5823 Front Adhesive,1
1328,SONZ5C004,For Sony Xperia Z5 mini Back Cover Silver,3.2
1327,SONZ5C003,For Sony Xperia Z5 Compact Back Cover Black,3.3
1326,SONZ5C002,For Sony Xperia Z5 Compact E5823 LCD White,255
1325,SONZ5C001,For Sony Xperia Z5 Compact E5823 LCD Black,165
1324,SONZ3P008,For Sony Xperia Z3 Plus Lcd White Original New,165
1323,SONZ3P007,For Sony Xperia Z3 Plus LCD Black Original New,160
1322,SONZ3P006,For Sony Xperia Z3 Plus/Z4 Coaxial Cable for Antenna,3.5
1321,SONZ3P005,For Sony Xperia Z3 Plus LCD With Frame Original Gold,230
1320,SONZ3P003,For Sony Xperia Z3 Plus Sensor Flex with Microphone,5
1319,SONZ3P002,For Sony Xperia Z3 Plus Earpice,1.5
1318,SONZ3C05,For Sony Xperia Z3 Compact Coaxial Cable for Antenna,3
1317,SONZ3C04,For Sony Xperia Z3 Compact LCD With Frame Original White,200
1316,SONZ3C03,For Sony Xperia Z3 Compact LCD With Frame Original Black,160
1315,SONZ3C02,For Sony Xperia Z3 Compact LCD With Frame Original Green,200
1314,SONZ3C01,For Sony Xperia Z3 Compact LCD With Frame Original Red,190
1313,SONZ1C05,For Sony Xperia Z1 Compact SIM Card Reader,1.6
1312,SONZ1C04,For Sony Xperia Z1 Compact Loud speaker,6
1311,SONZ1C03,For Sony Xperia Z1 Compact Audio Jack,2
1310,SONZ1C02,For Sony Xperia V/Z/Z1 Compact Ear Sperker,1
1309,SONZ1C01,For Sony Xperia Z1 Compact Front Camera,8
1308,SONZ01,For Sony Xperia Z LCD Complete Black L 36h Original New,115
1307,SONXP04,For Sony Xperia X Performance LCD Complete Pink,200
1306,SONXP02,For Sony Xperia X Performance LCD Complete White,200
1305,SONXP01,For Sony Xperia x Performance LCD Complete Black,200
1304,SONXA23,For Sony Xperia XA Power Volume Flex,13
1303,SONXA22,For Sony Xperia XA Power Volume Button,6
1302,SONXA20,For Sony Xperia XA Back Camera,68
1301,SONXA19,For Sony Xperia XA Micro USB Connector,43
1300,SONXA12,For Sony Xperia XA Sim Tray,3
1299,SONXA10,For Sony Xperia XA NFC Antenna,10
1298,SONXA08,For Sony Xperia XA Battery Cover Black,20
1297,HWP10LITE202,For Huawei P10 Lite LCD Screen Display With Touch Screen Digitizer Assembly-OEM Gold,130
1296,SONXA07,For Sony Xperia XA Battery Cover White,20
1295,SONXA06,For Sony Xperia XA Battery Cover Rose,19
1294,hwp10lite201,For Huawei P10 Lite LCD Screen Display With Touch Screen Digitizer Assembly - OEM Black,130
1293,SONXA05,For Sony Xperia XA Battery Cover Gold,18
1292,4.89706E+12,For iPhone 7 3D Full Cover Tempered Glass Screen Protector Gold,9
1291,4.89706E+12,For iPhone 7 Plus 3D Full Cover Tempered Glass Screen Protector White,10
1290,4.89706E+12,For iPhone 7 Plus 3D Full Cover Tempered Glass Screen Protector Black,10
1289,4.89706E+12,For iPhone 7 3D Full Cover Tempered Glass Screen Protector White,9
1288,4.89706E+12,For iPhone 7 3D Full Cover Tempered Glass Screen Protector Black,9
1285,6P521B,For iPhone 6 Plus LCD Display OEM (COG)White With Small Parts,123.4
1284,6G88,For iPhone 6 LCD Display OEM (SC) White,80
1283,5S66,For iPhone 5S LCD Display OEM (SC) White,59
1281,samg900f10,For Samsung SM-G900F Galaxy S5 - Home Button Complete White,4
1280,SAMG900F09,For Samsung SM-G900F Galaxy S5 - Home Button Complete Black,4
1279,ONE1223,For OnePlus One (A0001) - Volume Flex-Cable,6
1278,HWP10PLUS021,For Huawei P10 Plus - Battery,35
1277,one5025,For OnePlus 5 (A5000) - Micro Flex-Cable,18
1276,ONE5024,For OnePlus 5 (A5000) - Motherboard Flex Cable,15
1275,IPAR3032,For iPad Air 3 - Original Battery,35
1274,SAMA520F082,For Samsung SM-A520F Galaxy A5 2017 - Back Cover Blue,8
1273,sama520f04,For Samsung SM-A520F A5 2017 Back cover gold,8
1272,sama520f02,For Samsung A5 2017 back cover black with emie no,8
1271,sama320f082,For Samsung SM-A320F Galaxy A3 2017 - Back Cover Blue,8
1270,SAMA320F04 ,For Samsung SM-A320F A3 2017 Back cover gold,8
1269,SAMA320F081,For Samsung SM-A320F Galaxy A3 2017 - Back Cover Pink,8
1268,sama320f02,For Samsung A3 2017 back cover black with emie no,8
1267,SM676,For Samsung S5 Neo Charge Connector,6
1266,SAMG955F14,For Samsung SM-G955F Galaxy S8 Plus - Back Cover Blue,20
1265, SAMG955F13,For Samsung SM-G955F Galaxy S8 Plus - Back Cover Violet,32
1264,samg955f12,For Samsung SM-G955F Galaxy S8 Plus - Back Cover Sliver,20
1263,SAMG955F11,For Samsung SM-G955F Galaxy S8 Plus - Back Cover Black,18
1262,SAMG935F30,For Samsung SM-G935F S7 Edge back cover black with emie no,18
1261,SAMG935F12,For Samsung SM-G935F S7 Edge Back Cover Sliver,55
1260,samg930f33,For Samsung SM-G930F S7 Back Cover Silver,22
1259,LGG6083,For LG H870 G6 - Battery Cover Black,30
1258,LGG6082,For LG H870 G6 - Battery Cover White,30
1257,lgg6081,For LG H870 G6 - Battery Cover Platinum,30
1256,samg950f023bu,For Samsung SM-G950F Galaxy S8 - Sim / SD Card Tray Blue,4
1255,samg935f021,For Samsung SM-G935F Galaxy S7 Edge - Coaxial Cable 62.5mm,2
1254,samg930f121,For Samsung SM-G930F Galaxy S7 - Sensor Flex-Cable,8
1253,samg930f024pk,For Samsung SM-G930F Galaxy S7 - Sim / SD Card Tray Pink / Gold,1
1252,samg930f023,For Samsung SM-G930F Galaxy S7 - Power Key Flex-Cable,3
1251,samg930f022,For Samsung SM-G930F Galaxy S7 - Coaxial Cable 89mm,1.5
1250,lgg6023bk,For LG H870 G6 - Fingerprint Sensor Flex Complete Black,14
1249,lgg6022,For LG H870 G6 - Ear Speaker Flex-Cable,3
1248,lgg6021,For LG H870 G6 - Buzzer / Loud-Speaker Box,18
1247,hwp9023,For Huawei Honor 8 / P9 Ear Speaker,1.5
1246,SAMA320F035,For Samsung SM-A320F A3 (2017)- Back Camera Cover Blue,2.5
1244,SAMA320F034 ,For Samsung SM-A320F A3 (2017)- Sim Card Tray Pink,2
1243,SAMA320F033,For Samsung SM-A320F A3 (2017)- Sim Card Tray Gold,2
1242,SAMA320F030,For Samsung SM-A320F A3 (2017)- Home Button Flex Pink,30
1241,SAMA320F028,For Samsung SM-A320F A3 (2017)- Home Button Flex Blue,28
1240,SAMA320F027,For Samsung SM-A320F A3 (2017)- Home Button Flex Black,25
1239,SAMA320F025,For Samsung SM-A320F A3 (2017)- Audio Flex-Ear Jack,2.5
1238,SAMA320F024,For Samsung SM-A320F A3 (2017)- Earpiece,1.5
1237,SAMA320F023,For Samsung SM-A320F A3 (2017)- Vibrator,2
1236,SAMA320F021,For Samsung SM-A320F A3 (2017)- Back Camera,17
1235,SAMA320F06,For Samsung SM-A320F Galaxy A3 2017 - Back Camera Cover Gold,2
1234,SAMA320F05,For Samsung SM-A320F Galaxy A3 2017 - Back Camera Cover Black,2
1233,OPO20,For One Plus 3 Sim Card Tray Black,12
1232,ONE5030,For OnePlus 5 (A5000) - Charger Flex,35
1231,ONE5029,For OnePlus 5 (A5000) - Home Button Flex Black,25
1230,ONE5026,For OnePlus 5 (A5000) - Sim Card Tray Black,10
1229,ONE5021 ,For OnePlus 5 (A5000) - Power Key Flex-Cable,7
1228,ONE3222 ,For OnePlus 3 (A3003) - Vibra Motor + Flex,
1227,ONE3022,For OnePlus 3 (A3003) - Home Button Flex Complete + Fingerprint Sensor White,18
1226,ONE3021,For OnePlus 3 (A3003) - Camera Lens,8
1225,ONE2221,For OnePlus 2 (A2003) - Flex Board + Vibra Motor + Microphone,25
1224,ONE2122,For OnePlus 2 (A2003) - Touch Key Flex-Cable,10
1223,ONE2121 ,For OnePlus 2 (A2003) - Power /Volume Button,8
1222,ONE2025,For OnePlus 2 (A2003) - Ear Speaker,2
1221,ONE2024 ,For OnePlus 2 (A2003) - Home Button Flex Complete + Fingerprint Sensort,10
1220,ONE2023,For OnePlus 2 (A2003) - USB Type-C Connector Flex-Cable,20
1219,ONE2022,For OnePlus 2 (A2003) - Camera Module (Front) 5MP,20
1218,ONE1222,For OnePlus One (A0001) - Power Key Flex-Cable,6
1217,HWP10131,For Huawei P10 - Antenna Cable,2
1216,HWP10130,For Huawei P10 - Audio Flex-Ear Jack,8
1215,HWP10129 ,For Huawei P10 - Sim Card Tray Gold,9
1214,HWP10128,For Huawei P10 - Sim Card Tray Black,9
1213,HWP10PLUS122,For Huawei P10 Plus - Sim Card Tray Gold,10
1212,HWP10LITE121,For Huawei P10 Lite - Antenna Cable,2
1211,HWMATE9PRO131,For Huawei Mate9 Pro - Sim Card Tray Black,9
1210,HWMATE9PRO130,For Huawei Mate9 Pro - Sim Card Tray Gold,9
1209,HWMATE9PRO129,For Huawei Mate9 Pro - Front Camera,15
1208,HWMATE9PRO128,For Huawei Mate9 Pro - Audio Flex-Ear Jack,10
1207,HWMATE9PRO127 ,For Huawei Mate9 Pro - Vibrator,2
1206,HWMATE9PRO126,For Huawei Mate9 Pro - Earpiece,2
1205,HWMATE9PRO125,For Huawei Mate9 Pro - Antenna Cable,2
1204,HWMATE9PRO122,For Huawei Mate9 Pro - Power Flex,10
1203,HWMATE9PRO121,For Huawei Mate9 Pro - Charger Flex,60
1202,SAMG955F026,For Samsung SM-G955F Galaxy S8 Plus - Buzzer / Loud-Speaker Box,33
1201,SAMA520F033,For Samsung SM-A520F A5 (2017)- Sim Card Tray Pink,6
1200,SAMA520F030,For Samsung SM-A520F A5 (2017)- Sim Card Tray Black,6
1199,SAMA520F029,For Samsung SM-A520F A5 (2017)- Home Button Flex Pink,30
1198,SAMA520F025,For Samsung SM-A520F A5 (2017)- Audio Flex-Ear Jack,2.5
1197,SAMA520F07 ,For Samsung SM-A520F Galaxy A5 2017 - Charger Connector,18
1196,IPAR3121,For iPad Air 3 - Speaker,35
1195,IPAR3031,For iPad Air 3 - GPS Flex,3.5
1194,IPAR3030,For iPad Air 3 - Wifi Flex,3.5
1193,IPAR3029,For iPad Air 3 - Home Button Flex Gold,44
1192,IPAR3028,For iPad Air 3 - Home Button Flex White,44
1191,IPAR3027,For iPad Air 3 - Home Button Flex Black,44
1190,IPAR3026,For iPad Air 3 - Sim Flex,6
1189,IPAR3025,For iPad Air 3 - Audio Flex-Ear Jack White,6
1188,IPAR3024,For iPad Air 3 - Audio Flex-Ear Jack Black,6
1187,IPAR3023,For iPad Air 3 - Front Camera,6
1186,IPAR3022,For iPad Air 3 - Charger White,7
1185,IPAR3021,For iPad Air 3 - Charger Black,7
1184,one5081,For OnePlus 5 (A5000) - Front Frame,18
1183,HWP10125,For Huawei P10 - Earpiece,2
1182,HUAP905,For Huawei P9 and Honor 8 Battery,22
1181,f210906,For LG G2 EAC62058701 battery (original),18
1180,EAC63079601,For LG Nexus 5X Battery BL-T19 Original,20
1179,hwp10lite125,For Huawei P10 Lite - Home Button Flex White,10
1178,sama320f032,For Samsung SM-A320F A3 (2017)- Sim Card Tray Blue,2
1177,sama320f031,For Samsung SM-A320F A3 (2017)- Sim Card Tray Black,2
1176,sama320f029,For Samsung SM-A320F A3 (2017)- Home Button Flex Gold,28
1175,sama320f026,For Samsung SM-A320F A3 (2017)- Sensor,10
1174,sama320f022,For Samsung SM-A320F A3 (2017)- Front Camera,8
1173,sama320f07,For Samsung SM-A320F Galaxy A3 2017 - Charger Connector,18
1172,one5028,For OnePlus 5 (A5000) - Front Camera,20
1171,one5027,For OnePlus 5 (A5000) - Singal Cable,8
1170,ONE5023,For OnePlus 5 (A5000) - Speaker,20
1169,one5022,For OnePlus 5 (A5000) - Volume Flex-Cable,7
1168,one3221,For OnePlus 3 (A3003) - Touch Key Flex-Cable,
1167,one2021,For OnePlus 2 (A2003) - Buzzer / Loud-Speaker,3
1166,one1221,For OnePlus One (A0001) - Micro USB Connector Flex-Cable,10
1165,HWP10127,For Huawei P10 - Motherboard Flex Cable,10
1164,HWP10126,For Huawei P10 - Vibrator,2
1163,HWP10124,For Huawei P10 - Front Camera,15
1162,HWP10123,For Huawei P10 - Back Camera,30
1161,HWP10122,For Huawei P10 - Speaker,8
1160,HWP10121,For Huawei P10 - Power Flex,10
1159,HWP10PLUS121,For Huawei P10 Plus - Motherboard Flex Cable,10
1158,HWP10LITE128,For Huawei P10 Lite - Home Button Flex Blue,10
1157,HWP10LITE127,For Huawei P10 Lite - Home Button Flex Pink,10
1156,HWP10LITE126,For Huawei P10 Lite - Home Button Flex Gold,10
1155,HWP10LITE124,For Huawei P10 Lite - Home Button Flex Black,10
1154,HWP10LITE123,For Huawei P10 Lite - Speaker,8
1153,hwp10lite122,For Huawei P10 Lite - Motherboard Flex Cable,10
1152,hwmate9pro124,For Huawei Mate9 Pro - Motherboard Flex Cable,15
1151,huah711,For Huawei Honor 7 Battery Original,20
1150,6sp202,For iPhone 6S Plus LCD Display Original Assembled White,470
1149,6sp201,For iPhone 6S Plus LCD Display Original Assembled Black,470
1148,sama520f028,For Samsung SM-A520F A5 (2017)- Home Button Flex Gold,28
1147,sama520f027,For Samsung SM-A520F A5 (2017)- Home Button Flex Blue,28
1146,sama520f024,For Samsung SM-A520F A5 (2017)- Earpiece,1.5
1145,sama520f023,For Samsung SM-A520F A5 (2017)- Vibrator,2
1144,sama520f022,For Samsung SM-A520F A5 (2017)- Front Camera,25
1143,sama520f021,For Samsung SM-A520F A5 (2017)- Back Camera,25
1142,sama520f06,For Samsung SM-A520F Galaxy A5 2017 - Back Camera Cover Gold,2
1141,sama520f05,For Samsung SM-A520F Galaxy A5 2017 - Back Camera Cover Black,2
1140,hwp10lite083,For Huawei P10 Lite - Back Cover Gold,9
1139,HWP10LITE082,For Huawei P10 Lite - Back Cover White,9
1138,HWP10LITE081,For Huawei P10 Lite - Back Cover Black,9
1137,SAMG950F022,For Samsung SM-G950F Galaxy S8 - Coaxial Cable f. Antenna 70.5mm,2
1136,SAMG950F021,For Samsung SM-G950F Galaxy S8 - Coaxial Cable f. Antenna 50mm,2
1135,SAMG935F42,For Samsung SM-G935F Galaxy S7 Edge - Volume Flex-Cable,5
1134,SAMG935F41,For Samsung SM-G935F Galaxy S7 Edge - Sensor Flex-Cable,9
1133,SAMG935F40,For Samsung SM-G935F Galaxy S7 Edge - Sim / SD Card Tray Rose Gold,1.5
1132,SAMG935F39,For Samsung SM-G935F Galaxy S7 Edge - Sim / SD Card Tray Black,1
1131,SAMG935F022,For Samsung SM-G935F Galaxy S7 Edge - Coaxial Cable 97mm,2
1130,SAMG930F122,For Samsung SM-G930F Galaxy S7 - Volume Flex-Cable,5
1129,SAMG930F41,For Samsung SM-G930F Galaxy S7 - Sim / SD Card Tray Black,1
1128,SAMG930F021,For Samsung SM-G930F Galaxy S7 - Coaxial Cable 55.5mm,1.5
1127,HWP9022,For Huawei P9 - Loud-Speaker Box,3
1126,HWP9021,For Huawei Honor 7 /P9 - Camera Module (Front) 8MP,12
1125,samg955f025,For Samsung SM-G955F Galaxy S8 Plus - Volume Flex-Cable,7.5
1124,samg955f024,For Samsung SM-G955F Galaxy S8 Plus - Power Key Flex-Cable,7.5
1123,samg950f13,For Samsung Galaxy SM-G950F S8 Back Cover Violet,20
1122,SAMG935F09,For Samsung SM-G935F Galaxy S7 Edge - Battery Cover White,15
1121,SAMG930F39,For Samsung SM-G930F S7 Fingerpint Reader Sliver,65
1120,SAMG930F38,For Samsung SM-G930F S7 Fingerpint Reader Gold,55
1119,LGG6029,For LG H870 G6 - Adhesive Foil f. Battery Cover,1
1118,LGG6028,For LG H870 G6 - Vibra Motor,3
1117,LGG6027WH,For LG H870 G6 - Sim / SD Card Tray f. White,25
1116,LGG6027PT,For LG H870 G6 - Sim / SD Card Tray f. Platinum,25
1115,LGG6027BK,For LG H870 G6 - Sim / SD Card Tray f. Black,25
1114,LGG6026,For LG H870 G6 - Dual Camera Module (Main) B 13MP 11.0x11.0x5.6,25
1113,LGG6025,For LG H870 G6 - Dual Camera Module (Main) A 13MP 12.2x19.0x5.3,60
1112,LGG6024,For LG H870 G6 - Camera Module (Front) 5MP,30
1111,7P59,For iPhone 7 Plus SIM Card Tray gold,
1110,7P58,For iPhone 7 Plus SIM Card Tray silver,
1109,7P57,For iPhone 7 Plus SIM Card Tray black,
1108,7P56,For iPhone 7 Plus Camera Lens with Bezel,1.2
1107,7P55,For iPhone 7 Plus Screw Set silver,
1106,7P37,For iPhone 7 Plus SIM Card Tray jet black,
1105,7P35,For iPhone 7 Plus SIM Card Tray rose gold,
1104,7G56,For iPhone 7 Camera Lens with Bezel,0.7
1103,7G55,For iPhone 7 Screw Set (68 pcs/set) silver,
1102,7G54,For iPhone 7/7Plus Charging Port Screw Set rosa gold,
1101,7G53,For iPhone 7/ 7Plus Charging Port Screw Set silver,
1100,7G52,For iPhone 7/ 7Plus Charging Port Screw Set black,
1099,7G51,For iPhone 7/ 7plus Charging Port Screw Set gold,
1098,7G27,For iPhone 7 Power & Volume Flex,22
1097,7G26,For iPhone 7 LCD Adhesive White,2.6
1096,6SP30,For iPhone 6S Plus LCD/Housing Adhesive Black,
1095,6SP27,For iPhone 6S Plus Test Flex,
1094,6P56,For iPhone 6 Plus Camera Lens Gold,
1093,6P55,For iPhone 6 Plus Camera Lens White,
1092,6P54A,For iPhone 6 Plus Camera Lens Gray,
1091,6P46,For iPhone 6 Plus Charging Flex Black,16
1090,6P41,For iPhone 6 Plus Charging Flex White,
1089,6P36,For iPhone 6 Plus sticker for 2-D barcode,
1088,6P35,For iPhone 6 Plus LCD touch sponge,
1087,6P12,For iPhone 6 Plus Earpiece,
1086,6P10,For iPhone 6 Plus sim card tray gold,
1085,6P09,For iPhone 6 Plus sim card tray gray,
1084,6P07,For iPhone 6 Plus vibrator,
1083,6G36,For iPhone 6 sticker for 2-D barcode,
1082,6G28,For iPhone 6 Sim Card Tray Silver,
1081,6G10,For iPhone 6 Sim Card Tray Gold,
1080,6G07,For iPhone 6 vibrator,
1079,5S52,For iPhone 5S sim card reader,
1078,5S50,For iPhone 5S frame white copy,
1077,5S49,For iPhone 5S glass white copy,
1076,5S48,For iPhone 5S glass black copy,
1075,5S31,For iPhone 5S touch sponge,
1074,5S30,For iPhone 5S LCD sponge,
1073,5S26,For iPhone 5S vibrator,
1072,5S22,For iPhone 5S upper and lower glass complete black,
1071,5S10,For iPhone 5S Back Camera,19
1070,5G24,For iPhone 5 Sensor Flex With Camera,
1069,5G15,For iPhone 5 Charge & Audio Flex White,
1068,5G014,For iPhone 5 Sim card tray white,
1067,5G012,For iPhone 5 Buzzer Speaker,
1066,5G010,For iPhone 5 vibrator,
1065,5G07,For iPhone 5 Home Button Flex,
1064,5G-006,For iPhone 5 LCD Test Flex,
1063,4S39,For iPhone 4S glass white copy,
1062,4S38,For iPhone 4S Glass Black Copy,
1061,4S27,For iPhone 4S wifi,
1060,4S26,For iPhone 4S wifi metal cover,
1059,4S25,For iPhone 4S earpiece,
1058,4S23,For iPhone 4/4S antenna GSM,
1057,4S22,For iPhone 4S speaker antenna GSM,
1056,4S21,For iPhone 4S screw,
1055,4S10,For iPhone 4S Home Button Flex,
1054,4S08,For iPhone 4S back camera,
1053,4S05,For iPhone 4S charge flex white,
1052,4GS03,For iPhone 4/4S screw bottom,
1051,4G49,For iPhone 4 glass white copy,
1050,4G28,For iPhone 4 wifi holder,
1049,4G27,For iPhone 4 battery metal holder,
1048,4G26,For iPhone 4 antenna GSM,
1047,4G25,For iPhone 4 speaker & antenna GSM,
1046,4G24,For iPhone 4 screw,
1045,4G22,For iPhone 4 LCD connector,
1044,4G19,For iPhone 4 charge flex white,
1043,4G18,For iPhone 4 charge flex black,
1042,4G17,For iPhone 4 earpiece,
1041,4G15,For iPhone 4 SIM Card tray,
1040,4G11,For iPhone 4 home button flex,
1039,4G08,For iPhone 4 back camera,
1038,4G06,For iPhone 4 audio flex white,
1037,4G05,For iPhone 4 audio flex back,
1036,SONXA01,For Sony XA LCD Black,130
1035,SONX16,For Sony X LCD Gold Original New,780
1034,SONX15,For Sony Xpeia X Front Adhesive,1
1033,SONX14,For Sony Xpeia X Front Adhesive,2
1032,SONX13,For Sony Xperia X Front Camera,25
1031,SONX12,For Sony Xperia X Back Camera,60
1030,SONX11,For Sony Xperia X Power Finger Sensor Flex,6
1029,SONX10,For Sony Xperia X Power Volume,28
1028,SONX09,For Sony Xperia X Charging Port Original,18
1027,SONX08,For Sony Xperia X Battery Cover Black,25
1026,4.89706E+12,Japan SupperGlass For iPhone 5/5S/5C 0.33mm 50 pcs box,370
1025,SONX07,For Sony Xperia X Battery Cover White,45
1024,SONX06,For Sony X battery cover rose,25
1023,SONX05,For Sony X battery cover Lime gold,45
1022,SONX04,For Sony Xperia X LCD Black,390
1021,SONX03,For Sony X LCD Pink,200
1020,SONX02,For Sony X LCD gold,200
1019,SONX01,For Sony X LCD Black,175
1018,SONM507,For Sony Xperia M5 LCD White,115
1017,SONM506,For Sony Xperia M5 LCD Black,115
1016,SONM505,For Sony Xperia M5 Antenna Flex,12
1015,SONM504,For Sony Xperia M5 Front Camera,20
1014,SONM502,For Sony Xperia M5 Audio Jack,5
1013,SONM501,For Sony Xperia M5 Charge Connector,10
1012,SONM404,For Sony M4 Aqua LCD With Frame Red,150
1011,SONM403,For Sony M4 Aqua LCD With Frame Gray,150
1010,SONM402,For Sony M4 Aqua LCD With Frame White,150
1009,SONM401,For Sony M4 Aqua LCD With Frame Black,150
1008,SONM202,For Sony M2 LCD with Frame Original White,100
1007,SONM201,For Sony M2 LCD with Frame Original Black,100
1006,SON710,For Sony Z3 LCD Original New Black,240
1005,SON544,For Sony Xperia X LCD Pink,380
1004,SON540,For Sony Xperia XA LCD Gold,115
1003,SON530,For Sony Xperia Z3 Compact Back Camera,90
1002,SON529,For Sony Z3 2PCS Sidebuttons Set in White,9
1001,SON528,For Sony Z3 2PCS Sidebuttons Set in Black,8.5
1000,SON527,For Sony Z3 Compact 2PCS Sidebuttons Set in White,15
999,SON526,For Sony Z3 Compact 2PCS Sidebuttons Set in Black,15
998,SON523,For Sony Z2 2PCS Sidebuttons Set in Black,12
997,SON515,For Sony Xperia Z3 Plus LCD Black,160
996,SON512,For Sony Xperia Z3 LCD Complete With Frame White,195
995,SON511,For Sony Xperia Z3 LCD Complete With Frame Black,160
994,SON510,For Sony Xperia M4 Aqua Audio Flex,3
993,SON507,For Sony Xperia M4 Aqua Back Adhesive,0.8
992,SON506,For Sony Xperia M4 Aqua Front Adhesive,1
991,SON505,For Sony Xperia Z3 Plus LCD White,160
990,SON504,For Sony Xperia M4 Back Cover White,3.5
989,SON503,For Sony Xperia M4 Back Cover Black,3.5
988,SON490,For Sony Z1 LCD Original New Black,135
987,SON489,For Sony Xperia D6503 Z2 Sim Card Tray,1
986,SON487,For Sony Xperia Z3+ Back Adhesive,0.8
985,SON486,For Sony Xperia Z3+ Frame Adhesive,0.8
984,SON477,For Sony Xperia M4 Aqua E2303 Charge Connector,2.5
983,SON476,For Sony Xperia Z3+ Back Cover Aqua Green,3
982,SON474,For Sony Xperia Z3+ Back Cover White,2.8
981,SON473,For Sony Z3+ Back cover Black,2.8
980,SON471,For Sony Xperia Z3 Compact LCD Complete With Frame White,165
979,SON470,For Sony Xperia Z3 Compact LCD Complete With Frame Black,215
978,SON469,For Sony Xperia M4 Aqua LCD White,90
977,SON468,For Sony Xperia M4 Aqua LCD Black,90
976,SON467,For Sony Xperia Z3 Campact Battery Origonal,16
975,SON465,For Sony Xperia Z3 Battery Origonal,15
974,SON464,For Sony Z3 NFC,4
973,SON462,For Sony Z3 Compact Audio Flex,3
972,SON461,For Sony Z3 Compact Earpice,1.8
971,SON460,For Sony Z3 Audio Flex,2
970,SON459,For Sony Z3 Compact Power Volume Flex,9
969,SON448,For Sony Z1 Front Adhesive,0.8
968,SON447,For Sony Z3 Compact Back Cover Green,2.8
967,SON446,For Sony Z3 Compact Back Cover Orange,2.8
966,SON445,For Sony Xperia Z3 Back Cover Gold,2.8
965,SON444,For Sony Z1 mini Back cover White,3
964,SON443,For Sony Z1 mini Back cover Black,2.8
963,SON441,For Sony Xperia Z3 Compact Back Adhesive,0.8
962,SON440,For Sony Xperia Z3 Compact Front Adhesive,0.8
961,SON437,For Sony Xperia Z3 Back Adhesive,0.8
960,SON436,For Sony Xperia Z3 Front Adhesive,0.8
959,SON435,For Sony Xperia Z1 Earphone Jack,3
958,SON430,For Sony Xperia Z3 Compact Back Cover White,2.8
957,SON429,For Sony Xperia Z3 Compact Back Cover Black,2.8
956,SON428,For Sony Z3 Compact LCD White,165
955,SON427,For Sony Z3 Compact LCD Original Black,130
954,SON426,For Sony Xperia Z3 Back Cover White,2.8
953,SON425,For Sony Z3 Back cover Black,2.8
952,SON424,For Sony Xperia Z3 Main Flex,17
951,SON422,For Sony Xperia Z3 Earpiece,1.8
950,SON421,For Sony Xperia Z3 Back Camera,85
949,SON420,For Sony Xperia Z3 LCD White,190
948,SON419,For Sony Xperia Z3 LCD Black,170
947,SON413,For Sony Xperia M2 Back Cover White,3
946,SON412,For Sony Xperia M2 Back Cover Black,3
945,SON403,For Sony Xperia Z1 L39h Adhesive Back Cover,0
944,SON400,For Sony Xperia Z1 Compact Main Flex,0.8
943,SON399,For Sony Xperia Z2 D6503 Main Flex,28
942,SON398,For Sony Xperia D6503 Z2 Back Cover Adhesive,0.8
941,SON397,For Sony Xperia D6503 Z2 Front Adhesive,0.8
940,SON396,For Sony Xperia Z Front Adhesive Original L36h,0.8
939,SON384,For Sony Xperia Z2 Back Cover White,2.8
938,SON383,For Sony Xperia Z2 Back Cover Black,3
937,SON382,For Sony Xperia D6503 Z2 Buzzer,6
936,SON381,For Sony Xperia Z2 D6503 Front Camera,8
935,SON380,For Sony Xperia Z2 Back Camera,28
934,SON378,For Sony Xperia Z2 D6503 Antenna,1
933,SON376,For Sony Xperia D6503 Z2 Charge Connector,2
932,SON375,For Sony Xperia Z2 D6503 LCD Complete ,145
931,SON371,For Sony Xperia Z Sim Holder L36h,1
930,SON189,For Sony Xperia Z1 Compact LCD Complete Black,160
929,SON70,For Sony Xperia Z Ultra LCD Complete,160
928,SON69,For Sony Xperia Z1 Sim Card Reader,2
927,SON67,For Sony Xperia Z1 Charge Connector,1.8
926,SON66,For Sony Z1 Back cover White,3
925,SON65,For Sony Xperia Z1 Back Cover Black,28
924,SON63,For Sony Xperia Z1 LCD,145
923,SON42,For Sony Xperia Z L36h Adhesive Back Cover,0.8
922,SON40,For Sony Xperia Z Back Cover Black,2.8
921,SON36,For Sony Xperia U/V/Z charge connector,3
920,SON26,For Sony Xperia Z Power Flex 36h,7
919,SON25,For Sony Xperia Z Back Camera L36H,18
918,SON01,For Sony Xperia Z LCD Complete Black L36h,90
917,SO54,For Sony Xperia S LCD + Touch LT26i,70
916,G107030,For Sony Xperia Z3/Z3 Compact/Z5 Compact Sim Card Holder,0.8
915,1304-9084,For Sony XZ/XZ Dual Complete LCD Touchscreen Black,315
914,OP009,For Oneplus 3 Battery,
913,OP002,For One Plus 2 LCD Comlpete Black,
912,OP001,For OnePlus One LCD Complete Black,
911,OP006,For One Plus One sim Card reader,8
910,OP005,For One Plus 3T LCD with Frame Black,580
909,OP004,For One Plus 3 LCD with Frame White,575
908,OP003,For One Plus 3 LCD with Frame Black,550
907,NO187,For Nokia Lumia 530 Touch,15
906,NO176,For Nokia Lumia 630 LCD Complete,50
905,NO175,For Nokia Lumia 1520 LCD Complete,260
904,NO125,For Nokia Lumia 620 Touch Complet With Frame,33
903,NO112,For Nokia Lumia 1020 LCD Complete Black,320
902,NO94,For Nokia Lumia N800 charge connector,1
901,NO75,For Nokia Lumia 920 LCD + Touch,105
900,NO37,For Nokia Lumia 800 LCD + Touch,75
899,LGNEX401,For LG Nexus 4 E960 LCD Black (No frame),155
898,LGG505,For LG G5 Sensor Flex,35
897,LGG504,For LG G5 LCD Black,240
896,LGG503,For LG G5 Fingerprint Reader,25
895,LGG502,For LG G5 Volume Flex,18
894,LGG501,For LG G5 Audio Flex,25
893,LGG405,For LG G4 Front Camera,20
892,LGG404,For LG G4 Speaker,30
891,LGG403,For LG G4 Audio Flex,15
890,LGG402,For LG G4 Earpiece,3
889,LGG401,For LG G4 Power Flex,30
888,LGG304,For LG G3 D855 Speaker,17
887,LGG303,For LG G3 D855 Audio Flex,8
886,LGG302,For LG G3 D855 Earpiece,2
885,LGG301,For LG G3 D855 Power Flex,20
884,LGG201,For LG D802 G2 Charging Flex w. Earphone Jack,70
883,LG87,For LG G4 LCD Complete Black,145
882,LG85,For LG L65 Dual D285 Touch Black,15
881,LG82,For LG G2 Mini LCD Compelte Black,120
880,LG73,For LG Nexus 5 Charge Flex,28
879,LG68,For LG G3 D855 Sim Card Reader,3
878,LG65,For LG G3 D855 LCD Display Gold with frame,195
877,LG63,For LG G3 D855 LCD Complete White w frame,280
876,LG62,For LG G3 D855 LCD Display Black with frame,195
875,LG59,For LG Nexus 4 Charge Connector,10
874,LG45,For LG Nexus 5 LCD Complete,150
873,LG44,For LG G2 D802 LCD Complete White,165
872,LG43,For LG G2 D802 LCD Complete Black,160
871,LG5X01,For LG Nexus 5X LCD Black Original With Frame,145
870,LG01,For LG Optimus G e975 LCD + Touch,200
869,SAMG360F02,For Samsung SM-G360F Core Prime Touchscreen Gray,15
868,SAMG360F03,For Samsung SM-G360F Core Prime Home Button,3
867,SAMG360F04,For Samsung SM-G360F Core Prime Speaker,5
866,SAMG360F05,For Samsung SM-G360F Core Prime Back Camera,20
865,SAMG360F06,For Samsung SM-G360F Core Prime Front Camera,10
864,SAMG360F07,For Samsung SM-G360F Core Prime Vibrator,3
863,SAMG388F01,For Samsung SM-G388F Xcover 3 Touchscreen White,20
862,SAMG530F02,For Samsung G530F Galaxy Grand Prime Touchscreen Gray,17
861,SAMG530F04,For Samsung G530F Galaxy Grand Prime Earpiece,8
860,SAMG530F05,For Samsung G530F Galaxy Grand Prime Home Button,3
859,SAMG530F06,For Samsung G530F Galaxy Grand Prime Audio Flex,8
858,SAMG530F07,For Samsung G530F Galaxy Grand Prime Speaker,8
857,SAMG530F08,For Samsung G530F Galaxy Grand Prime Back Camera,28
856,SAMG530F09,For Samsung G530F Galaxy Grand Prime Front Camera,10
855,SAMG530F10,For Samsung G530F Galaxy Grand Prime Vibrator,3
854,SAMG900F04,For Samsung SM-G900F S5 camera lens kit black,1.5
853,SAMG900F06,For Samsung SM-G900F S5 Camera Lens Kit Gold,2
852,SAMG928F01,For Samsung SM-G929F S6 Edge plus Vibrator,3
851,SAMG928F02,For Samsung SM-G928F S6 Edge plus Antenna wifi,4.5
850,SAMG928F03,For Samsung SM-G928F S6 Edge plus Earpiece,3
849,SAMG928F04,For Samsung SM-G928F S6 Edge plus Speaker,4
848,SAMG928F05,For Samsung SM-G925F S6 Edge plus Chrge flex,33
846,SAMG928F06,For Samsung SM-G928F S6 edge plus NFC,10
845,SAMG928F08,For Samsung SM-G928F S6 Edge plus Sim Card tray Black,2.5
844,SAMG928F09,For Samsung SM-G925F S6 Edge plus Fingerprint reader Black,28
843,SAMG928F10,For Samsung SM-G928F S6 Edge plus Microphone flex,12
842,SAMG928F11,For Samsung SM-G928F S6 Edge plus Power Volume flex,6.5
841,SAMG928F12,For Samsung SM-G928F S6 Edge plus Back Camera,70
840,SAMG928F13,For Samsung SM-G928F S6 Edge plus Front Camera,6
839,SAMG928F16,For Samsung SM-G928F S6 Edge Plus Back Cover Silver,16
838,SAMG930F01,For Samsung SM-G930F S7 Audio Flex,4
837,SAMG930F06,For Samsung SM-G930F S7 Front Camera,5
836,SAMG930F07,For Samsung SM-G930F S7 Fingerprint Reader,55
835,SAMG930F09,For Samsung SM-G930F S7 Back Cover White,15
834,SAMG930F10,For Samsung SM-G930F S7 Sim Card Tray Gold,3
833,SAMG935F01,For Samsung SM-G935F S7 Edge Audio Flex,5
832,SAMG935F04,For Samsung SM-G935F S7 Edge Speaker,2.5
831,SAMG935F06,For Samsung SM-G935F S7 Edge Sim Card Tray Gold,1
830,SAMG935F08,For Samsung SM-G935F S7 Edge Earpiece,1
829,SAMJ100H01,For Samsung Galaxy SM-J100H Touchscreen Blue,22
828,SAMJ100H02,For Samsung Galaxy SM-J100H Touchscreen White,15
827,SAMJ100H03,For Samsung Galaxy SM-J100H Touchscreen Black,15
826,SAMJ100H05,For Samsung Galaxy SM-J100H Earpiece,2
825,SAMJ100H06,For Samsung Galaxy SM-J100H Speaker,4
824,SAMJ100H07,For Samsung Galaxy SM-J100H Back Camera,28
823,SAMJ100H08,For Samsung Galaxy SM-J100H Front Camera,12
822,6SP80,For iPhone 6S Plus Camera Lens Rose,0.8
821,6SP79,For iPhone 6S Plus Camera Lens Gold,0.8
820,6SP78,For iPhone 6S Plus Camera Lens Gray,0.8
819,6SP77,For iPhone 6S Plus Camera Lens White,0.8
818,6SP33,For iPhone 6S Plus Home Button Complete Rose Gold,7.5
817,6SP32,For iPhone 6S Plus Home Button Complete Gold,11
816,6SP31,For iPhone 6S Plus Home Button Complete Black,11
815,6SP29,For iPhone 6S Plus LCD/Housing Adhesive White ,5
814,6SP21,For iPhone 6S Plus Short Wifi Flex,1.5
813,6SP20,For iPhone 6S PLus Long Wifi Flex,6
812,6SP09,For iPhone 6S Plus LCD Black OEM,400
811,6SP04,For iPhone 6S Plus Home Button Complete White,7.5
810,6SP02,For iPhone 6S Plus LCD Display Original New White,1200
809,6S85,For iPhone 6S Backlight with Ribbon Cable,107
808,6S80,For iPhone 6S Camera Lens Rose,0.8
807,6S79,For iPhone 6S Camera Lens gold,0.8
806,6S78,For iPhone 6S Camera Lens White,0.8
805,6S77,For iPhone 6S Camera Lens Gray,0.8
804,6S19,For iPhone 6S Charge Flex White,32
803,6S17,For iPhone 6S Charge Flex Gray,16
802,6S16,For iPhone 6S Sim Card Tray Rose Gold,2
801,6S15,For iPhone 6S Sim Card Tray Gold,1.5
800,6S14,For iPhone 6S Sim Card Tray White,1.5
799,6S13,For iPhone 6S Sim Card Tray Gray,1.5
798,6S05,For iPhone 6S Power Volume Flex,15
797,SAMJ500F01,For Samsung Galaxy SM-J500F Touchscreen Black,16
796,6P20,For iPhone 6 Plus Test Flex,8
795,6P05,For iPhone 6 Plus Charge Flex Space Gray,25
794,SAMJ500F02,For Samsung Galaxy SM-J500F Touchscreen Gold,16
793,6G76,For iPhone 6/6 Plus/6S/6S Plus Button Screws Rose,0.15
792,SAMJ500F05,For Samsung Galaxy SM-J500F Earpiece,2
791,6G75,For iPhone 6/6 Plus/6S/6S Plus Button Screws Grey,0.15
790,6G74,For iPhone 6/6 Plus/6S/6S Plus Button Screws White,0.15
789,SAMJ500F07,For Samsung Galaxy SM-J500F Speaker,4
788,6G73,For iPhone 6/6 Plus/6S/6S Plus Button Screws Gold,0.15
787,SAMJ500F08,For Samsung Galaxy SM-J500F Back Camera,30
786,6G70,For iPhone 6 Camera Lens Gold,0.8
785,6G68A,For iPhone 6 Camera Lens Gray,0.5
784,SAMJ500F09,For Samsung Galaxy SM-J500F Front Camera,8
783,6G06,For iPhone 6 charge flex white,19
782,SAMN910F02,For Samsung SM-N910F Note 4 front camera,8
781,6G05,For iPhone 6 Charge Flex Gray,18
780,5SE03,For iPhone SE Power Flex Cable,12
779,SM85,For Samsung i9100 S2 charge connector board,7
778,5S101,For iPhone 5S/5C Battery Sticker,0.35
777,5S45,For iPhone 5S Sim Card Holder Gold,1.2
776,SM147,For Samsung i9505 S4 front camera,3
775,5S05,For iPhone 5S Charge & Audio Flex White,11
774,5S04,For iPhone 5S Charge & Audio Flex Black,13
773,SM169,For Samsung Galaxy Trend GT-S7560 LCD,35
772,5G81,For iPhone 5/5C/5S Button Screws Black,0.15
771,5G80,For iPhone 5/5C/5S Button Screws White,0.15
770,5G79,For iPhone 5/5C/5S Button Screws Gold,0.15
769,SM179,For Samsung Galaxy Note 3 N9005 Speaker,7
768,5G38,For iPhone 5 Upper & Lower Glass Complete White,6
767,5G37,For iPhone 5 Upper & Lower Glass Complete Black,5
766,5G19,For iPhone 5 Bottom Screw Black,0.2
765,5G-015,For iPhone 5 SIM Card Tray black,1.5
764,SM192,For Samsung Galaxy Trend S7560 Touch Black,15
763,SM193,For Samsung Galaxy Trend S7560 Touch White,15
762,5G14,For iPhone 5 Charge & Audio Flex Black,4
761,SM194,For Samsung Galaxy Trend S7560 Charge Connector,2
760,SM200,For Samsung Galaxy i9300 S3 Touch Black,4
759,SM201,For Samsung i9300 S3 touch white,4
758,5G004,For iPhone 5 WIFI Antenna Flex Cable,1.5
757,5C48,For iPhone 5C Sim Card Tray Green,1
756,5C47,For iPhone 5C Sim Card Tray Yellow,1
755,5C46,For iPhone 5C Sim Card Tray Red,1
754,5C45,For iPhone 5C Sim Card Tray White,1
753,5C44,For iPhone 5C Sim Card Tray Blue,1
752,SM204,For Samsung i9505 S4 touch blue,3.5
751,5C41,For iPhone 5C Bottom Screws,20
750,5C03,For iPhone 5C Premium,3.5
749,sm206,For Samsung Galaxy i9505 S4 Touch Black,3.5
748,4S07,For iPhone 4S Audio Flex White,5
747,4S06,For iPhone 4S Audio Flex Black,6
746,4S04,For iPhone 4S Charge connectoer Black,4
745,4GS07,For iPhone 4/4S Power On/OFF Contact Button,0.8
744,4G57,For iPhone 4 LCD White OEM,55
743,4G37,For iPhone 4 Test Flex,5
742,SM220,For Samsung Galaxy i9500 S4 Housing,7
741,SM230,For Samsung Galaxy Xcover 2 S7710 Touch,50
740,SM307,For Samsung Galaxy SM-G900 S5 Front Camera,4
739,SM324,For Samsung Galaxy S5 SM-G900 Front Housing Adhesive,2
738,SM357,For Samsung i9195 S4 mini front frame w.adhesive white,10.5
737,SM395,For Samsung Galaxy Note 4 N910F Charge Flex,20
736,SM551,For Samsung SM-G920F S6 touch gold,120
735,FM49,For Samsung Galaxy Note 2 N7105 LTE Charge Flex,10
734,FM42,For Samsung Galaxy Note 2 N7100 SIM Reader,4.5
733,FM41,For Samsung Galaxy Note 2 N7100 Charge Connector,6
732,FM37,For Samsung Galaxy Note 2 N7100 Back Camera,3
731,FM26,For Samsung i9300 S3 front camera - 1/9 mpix,2
730,BA126,For iPhone 5S Battery-3.8V 1560mAh,19
729,7P61,For iPhone 7 Plus LCD OEM (LG) black,340
728,SAG92005,For Samsung S6 Camera Front,5
727,SAG92006,For Samsung S6 Camera Back,12
726,7P60,For iPhone 7 Plus LCD Display OEM (LG) White,340
725,SAG92007,For Samsung S6 Charger & Audio Flex,15
724,SAG92012,For Samsung S6 Home Button Flex Bule,7
723,SAG92013,For Samsung SM-G920F S6 home button flex white,8
722,SAG92016,For Samsung S6 Sim Card Tray Blue,1
721,SAG92017,For Samsung S6 Sim Card Tray White,2
720,SAG92019,For Samsung S6 G920 Camera Frame Blue,1.5
719,SAG92020,For Samsung S6 G920 Camera Frame White,0.8
718,SAG92021,For Samsung S6 G920 Camera Frame Gold,2
717,SAG92025,For Samsung Galaxy S6 G920 Back Cover Black,4
716,SAG92026,For Samsung Galaxy S6 Back Cover White,10
715,SAG92027,For Samsung Galaxy S6 Back Cover Gold,12
714,SAG92028,For Samsung galaxy S6 back cover light blue,10
713,SAG92029,For Samsung S6 G920 Back Cover Dark Blue,10
712,SAG92030,For Samsung SM-G920F S6 LCD Original Assembly Gold,720
711,SAG92031,For Samsung SM-G920F S6 LCD Original Assembly White,720
710,SAG92032,For Samsung SM-G920F S6 LCD Original Assembly Blue,720
709,SAG92505,For Samsung SM-G925F S6 edge front camera,5
708,SAG92506,For Samsung S6 G925 Edge Camera Back,22
707,SAG92508,For Samsung SM-G925F S6 edge antenna module NFC,6
706,SAG92510,For Samsung S6 Edge G925 Earpice,10
705,7P24,For iPhone 7 Plus Charge Flex White,57
704,SAG92515,For Samsung S6 Edge Charge conectoer,26
703,SAG92518,For Samsung S6 Edge G925 Sim Card Tray Gold,1
702,SAG92519,For Samsung S6 G925 Edge Camera Frame Blue,2
701,SAG92520,For Samsung S6 G925 Edge Camera Frame White,1.5
700,7P22,For iPhone 7 Plus LCD Adhesive White,2.6
699,SAG92521,For Samsung S6 G925 Edge Camera Frame Gold,2
698,SAG92522,For Samsung SM-G925F S6 edge power on/off flex cable,25
697,7P21,For iPhone 7 Plus LCD Adhesive Black,2.4
696,7P20,For iPhone 7 Plus Battery Original New,68
695,SAG92525,For Samsung S6 Edge Back Cover Black,10
694,7P14,For iPhone 7 Plus Home Button Complete White,26
693,SAG92526,For Samsung Galaxy S6 Edge Back Cover White,10
692,7P13,For iPhone 7 Plus Home Button Complete Rose,17
691,SAG92527,For Samsung Galaxy S6 Edge Back Cover Original Gold,12
690,SAG92528,For Samsung Galaxy S6 Edge Back cover green,20
689,SAG92533,For Samsung SM-G925F S6 Edge LCD Original Assembly Blue With Frame,920
688,SAG92532,For Samsung SM-G925F S6 Edge LCD Original Assembly Gold With Frame,920
687,7P12,For iPhone 7 Plus Home Button Complete Black,23
686,7P11,For iPhone 7 Plus Home Button Complete Cold,26
685,7P08,For iPhone 7 Plus LCD Display Original White,670
684,SAG92534,For Samsung SM-G925F S6 Edge LCD Original Assembly White With Frame,920
683,7P07,For iPhone 7 Plus LCD Display Original Black,880
682,7P04,For iPhone 7 Plus Earpice,46
681,SAMA310F01,For Samsung SM-A310F A3 (2016) LCD Display (OEM) Gold,410
680,SAMA310F02,For Samsung SM-A310F A3 (2016) Charge Connector,26
679,SAMA310F03,For Samsung SM-A310F A3 (2016锛塃arprice,1
678,7P03,For iPhone 7 Plus Power Flex,22
677,7GIC07,For iPhone 7/7 Plus WiFi ic,22
676,SAMA310F04,For Samsung SM-A310F A3 (2016) Volume Flex,8
675,7G61,For iPhone 7 LCD Display OEM (LG) White,300
674,7G60,For iPhone 7 LCD Display OEM (LG) Black,300
673,SAMA310F06,For Samsung SM-A310F A3 (2016) Power Flex,8
672,SAMA310F07,For Samsung SM-A310F A3 (2016) Speaker,8
671,SAMA310F08,For Samsung SM-A310F A3 (2016) Back Camera,16
670,7G20,For iPhone 7 Original Battery,65
669,7G17,For iPhone 7 LCD Display Original White,470
668,7G16,For iPhone 7 LCD Display Original Black,500
667,SAMA310F09,For Samsung SM-A310F A3 (2016) Front Camera,10
666,7G15,For iPhone 7 Home Button Complete Gold,16
665,SAMA310F10,For Samsung SM-A310F A3 (2016) antenna wifi,3
664,7G14,For iPhone 7 Home Button Complete White,15
663,7G13,For iPhone 7 Home Button Complete Rose,17
662,7G12,For iPhone 7 Home Button Complete Black,16
661,SAMA310F11,For Samsung SM-A310F A3 (2016) Back Cover Gold,6
660,7G11,For iPhone 7 Charge Flex Grey,35
659,SAMA310F12,For Samsung SM-A310F A3 (2016) Back Cover Black,6
658,7G10,For iPhone 7 Charge Flex Black,35
657,7G09,For iPhone 7 Charge Flex White,35
656,7G08,For iPhone 7 Back Camera,85
655,7G07,For iPhone 7 Front Camera,42
654,7G06,For iPhone 7 Vibrator,5
653,7G05,For iPhone 7 Earpiece,6.7
652,7G04,For iPhone 7 Speaker,13
651,6SP35,For iPhone 6S Plus LCD Display OEM (AUO) White,135
650,6SP34,For iPhone 6S Plus LCD Display OEM (AUO) Black,135
649,6SP24,For iPhone 6S Plus Battery,38
648,6SP19,For iPhone 6S Plus Charge Flex White,22
647,6SP12,For iPhone 6S Plus LCD Display Original White,510
646,6SP11,For iPhone 6S Plus LCD Display Original Black,520
645,SAMA510F14,For Samsung galaxy A5 (2016)Ear Speaker,5
644,6SP08,For iPhone 6S Plus Earpiece,1.2
643,6SP07,For iPhone 6S Plus Speaker,9
642,6SP06,For iPhone 6s Plus Sensor Flex With Camera,13
641,6SP05,For iPhone 6S PLus Power Flex,13.5
640,6SP03,For iPhone 6s Plus Back Camera,65
639,6SIC12,For iPhone 6/6 Plus Light coil,2
638,6SIC05,For iPhone 6S/7 Diode white,3.5
637,6S87,For iPhone 6S LCD Display Original Assembly White,260
636,6S86,For iPhone 6S LCD Display Original Assembly Black,270
635,6S84,For iPhone 6S Backlight Sizzling,5
634,6S81,For iPhone 6S Home Button Complete Black,11
633,6S61,For iPhone 6S LCD Display OEM (TM) White,125
632,6S60,For iPhone 6S LCD Display OEM (TM) Black,125
631,6S40,For iPhone 6S LCD Display Original White,290
630,6S39,For iPhone 6S LCD Display Original Black,320
629,6S34,For iPhone 6S LCD/Housing Adhesive White,2.4
628,6S33,For iPhone 6S LCD/Housing Adhesive Black,2.4
627,6S32,For iPhone 6S Earpiece/Front camera Bracket,0.3
626,6S31,For iPhone 6S Test Flex,13
625,6S24,For iPhone 6S Battery Original,33
624,SAMA3001,For Samsung SM-A300F A3 charger flex,17
623,6S20,For iPhone 6S long Wifi Antenna,7
622,SAMA5001,For Samsung A5 SM-A500 Charger Flex,20
621,6S12,For iPhone 6S Home Button Complete Rose Gold,7
620,6S11,For iPhone 6S Home Button Complete Gold,9
619,6S10,For iPhone 6S Home Button Complete White,10
618,SAMG360F01,For Samsung SM-G360F Core Prime Touchscreen White,15
617,6S09,For iPhone 6S Home Button Flex,3.5
616,SAMG360F08,For Samsung SM-G360F Core Prime LCD,65
615,6S08,For iPhone 6S Earpiece,0.9
614,6S07,For iPhone 6S Speaker,4
613,6S06,For iPhone 6S Vibrator,5
612,6S04,For iPhone 6S Front Camera,13
611,6S03,For iPhone 6S Back Camera,32
610,6S02,For iPhone 6S LCD Display Original New White,300
609,6S01,For iPhone 6S LCD Display Original New Black,450
608,SAMG388F02,For Samsung SM-G388F Xcover 3 Touchscreen Gray,17
607,SAMG388F03,For Samsung SM-G388F Xcover 3 LCD,60
606,HWP811,For Huawei P8 Back Camera (QISGRA-L09),12
605,SAMG530F01,For Samsung G530F Galaxy Grand Prime Touchscreen White,15
604,SAMG530F03,For Samsung G530F Galaxy Grand Prime Touchscreen Gold,15
603,HW6P01,For Huawei Nexus 6P LCD Black Original,700
602,SAMG530F11,For Samsung G530F Galaxy Grand Prime LCD Original,68
601,SAMG900F05,For Samsung SM-G900F S5 Camera Lens Kit Silver,2
600,HUAP908,For Huawei P9 LCD With Frame Original White,220
599,SAMG928F07,For Samsung SM-G928F S6 Edge Plus Sim Card Tray Gold,2.5
598,HUAP907,For Huawei P9 LCD With Frame Original Black,200
597,HUAP904,For Hauwei P9 LCD Gold,130
596,HUAP903,For Huawei P9 Charging Connector,25
595,SAMG928F14,For Samsung SM-G928F S6 Edge Plus Back Cover Gold,12
594,SAMG928F15,For Samsung SM-G928F S6 Edge Plus Back Cover White,11
593,HUAP902,For Huawei P9 LCD White,170
592,SAMG928F17,For Samsung Galaxy SM-G928F S6 Edge Plus Back Cover Black,11
591,HUAP812,For Huawei P8 Back Cover Gold,38
590,HUAP811,For Huawei P8 Back Cover Black,32
589,SAMG928F19,For Samsung S6 Edge Plus Battery Original,42
588,HUAP810,For Huawei P8 Back Cover White,32
587,HUAP809,For Huawei P8 Charge Connector,1
586,HUAP9LITE02,For Huawei P9 Lite LCD White,80
585,HUAP8L09,For Huawei P8 Lite LCD Gold,70
584,HUAP8L08,For Huawei p8 light LCD White,70
583,HUAP8L07,For Huawei P8 Lite LCD Black with frame,90
582,6PIC06,For iPhone 6 Plus Backlight Ic Chip U2402,17
581,6PIC05,For iPhone 6 Plus Backlight Ic Chip U2401,25
580,HUAH824,For Huawei Honor 8 LCD Aassambly Glass Blue,135
579,6P63,For iPhone 6 Plus Lcd White OEM (Auo),90
578,HUAH823,For Huawei Honor 8 speaker,7
577,SAMG930F03,For Samsung SM-G930F S7 Back Camera,65
576,6P60,For iPhone 6 Plus LCD Display Original Assembly White,265
575,HUAH822,For Huawei Honor 8 Fingerprint Sensor Blue,10
574,6P59,For iPhone 6 Plus LCD Display Original Assembly Black,275
573,SAMG930F05,For Samsung SM-G930F S7 speaker,3
572,HUAH821,For Huawei Honor 8 Fingerprint Sensor Gold,10
571,6P54,For iPhone 6 Plus Backlit Sizzling With Ribbon Cable,9
570,SAMG930F08,For Samsung SM-G930F S7 Sim Card Tray Silver,1.5
569,SAMG930F11,For Samsung SM-G930F S7 Back Cover Gold,17
568,6P52,For iPhone 6 Plus LCD Display OEM (LG) Black,120
567,SAMG930F12,For Samsung SM-G930F S7 Back Cover Blue,26
566,SAMG930F13,For Samsung SM-G930/G935 S7/S7 Edge Camera Lens Kit Black,1
565,SAMG930F14,For Samsung SM-G930/G935 S7/S7 Edge Camera Lens Kit White,1
564,SAMG930F15,For Samsung SM-G930/G935 S7/S7 Edge Camera Lens Kit Gold,1
563,6p45,For iPhone 6 Plus GPS,3.5
562,SAMG930F18,For Samsung SM-G930F S7 LCD Original Assembly White,720
561,SAMG930F19,For Samsung SM-G930F S7 LCD Original Assembly Gold,720
560,6P44,For iPhone 6 Plus Home Button Long Flex,4.5
559,6P43,For iPhone 6 Plus Battery Stickers,0.9
558,SAMG930F21,For Samsung SM-G930F S7 LCD Front Adhesive,1
557,SAMG930F34,For Samsung S7 Battery Original,43
556,6P42,For iPhone 6 Plus Wifi Antenna,0.6
555,SAMG935F02,For Samsung SM-G935F S7 Edge Back Camera,2
554,SAMG935F03,For Samsung SM-G935F S7 Edge Charge Flex,23
553,6P37,For iPhone 6 Plus Home Button Glue,0.5
552,SAMG935F05,For Samsung SM-G935F S7 Edge Front Camera,5
551,HUAH820,For Huawei Honor 8 Fingerprint Sensor White,8
550,6P22,For iPhone 6 Plus Volume Flex,7.5
549,HUAH819,For Huawei Honor 8 Fingerprint Sensor Black,10
548,SAMG935F07,For Samsung SM-G935F S7 Edge Sim Card Tray Silver,1
547,6P21,For iPhone 6 Plus Battery-3.82V 2915mAh,32
546,HUAH818,For Huawei Honor 8 Sim Card Holder Blue,10
545,SAMG935F10,For Samsung SM-G935F S7 Edge Back Cover Gold,17
544,HUAH817,For Huawei Honor 8 Sim Card Holder Gold,10
543,6P19,For iPhone 6 Plus home button gold complete with flex,7
542,SAMG935F11,For Samsung SM-G935F S7 Edge Back Cover Black,23
541,HUAH816,For Huawei Honor 8 Sim Card Holder White,10
540,6P18,For iPhone 6 Plus Screw Kit,2
539,SAMG935F13,For Samsung SM-G935F S7 Edge LCD Original Assembly White With Frame,1260
538,HUAH815,For Huawei Honor 8 Sim Card Holder Black,10
537,6P17,For iPhone 6 Plus Power Flex,10
536,6P16,For iPhone 6 Plus Home Button Complete White,5.5
535,SAMG935F14,For Samsung SM-G935F S7 Edge LCD Original Assembly Gold With Frame,1260
534,HUAH814,For Huawei Honor 8 Charge Connector,25
533,6P13,For iPhone 6 Plus Sensor Flex w.Camera,13
532,SAMG935F15,For Samsung S7 Edge LCD Blue Change Glass with Frame,1260
531,6P11,For iPhone 6 Plus Back Camera,50
530,6P08,For iPhone 6 Plus Speaker,6
529,SAMG935F20,For Samsung SM-G935F S7 Edge LCD Front Adhesive,1.2
528,6P02,For iPhone 6 Plus LCD White Original New,390
527,6P01,For iPhone 6 Plus LCD Black Original New,390
526,HUAH813,For Huawei Honor 8 Speaker,1.5
525,HUAH812,For Huawei Honor 8 Sim Card Reader,4.5
524,6GIC11,For iPhone 6/6 Plus Wifi ic,7
523,6GIC10,For iPhone 6/6 Plus Audio Small ic,3
522,SAMG935F31,For Samsung S7 Edge Battery Original,49
521,6GIC09,For iPhone 6/6 Plus Audio Big ic,7
520,HUAH811,For Huawei Honor 8 Back Cover Blue,25
519,6GIC08,For iPhone 6/6 Plus USB ic,10.5
518,HUAH810,For Huawei Honor 8 Back Cover Gold,25
517,SAMG955F28,For Samsung SM-G955F S8 Plus Home Button Silver,85
516,HUAH809,For Huawei Honor 8 Back Cover White,22
515,6GIC02,For iPhone 6/6S Diode Black,1
514,6GIC01,For iPhone 6 Trackpad Controller touchscreen Touch IC,26
513,SAMJ100H04,For Samsung SM-J100H charge connector,1.5
511,6G90,For iPhone 6 LCD Black GZ,82
510,6G87,For iPhone 6 LCD Display OEM (COG) White With Small Parts,131.2
509,HUAH808,For Huawei Honor 8 Back Cover Black,23
508,6G86,For iPhone 6 LCD Display OEM (COG) Black With Small Parts,119
507,6G72,For iPhone 6 Charging U2 IC,12
506,HUAH805,For Huawei Honor 8 Back Cover Black,1
505,6G71,For iPhone 6 Charging Flex Copy Grey,16
504,6G69,For iPhone 6 Volom Flex Cabel,1.2
503,HUAH804,For Huawei Honor 8 LCD Original Blue,190
502,6G67,For iPhone 6 LCD Display Original White,200
501,HUAH803,For Huawei Honor 8 LCD Black,190
500,6G66,For iPhone 6 LCD Display Original Black,210
499,6G65,For iPhone 6 LCD White OEM (AUO),80
498,HUAH802,For Huawei Honor 8 LCD White,160
497,6G64,For iPhone 6 LCD Black OEM (AUO),80
496,SAMJ310F01,For Samsung J3 (2016) Battery Original,24
495,HUAH801,For Huawei Honor 8 LCD Gold,200
494,HUAH709,For Huawei Honor 7 Front Adhesive For LCD,1
493,SAMJ500F04,For Samsung Galaxy SM-J500F Charge Connector,1.5
492,6G54,For iPhone 6 LCD Display Original Assembly White,175
491,SAMJ500F06,For Samsung Galaxy SM-J500F Audio Flex,10
490,6G53,For iPhone 6 LCD Display Original Assembly Black,175
489,6G52,For iPhone 6 Battery Holder,1
488,SAMJ510F04,For Samsung J5 (2016) Battery Original,32
487,6G51,For iPhone 6 Sim Card Holder,1
486,HUAH703,For Huawei Honor 7 LCD Gold,130
485,SAMN910F04,For Samsung Note 4 N910F Sim & SD Reader,3
484,6G50,For iPhone 6 Battery Stivkers,0.35
483,HUAH702,For Huawei Honor 7 LCD White,135
482,6G49,For iPhone 6 GPS,0.4
481,SAMN91001,For Samsung N910 Camera Ring+Lens Set Black,2
480,HUAH701,For Huawei Honor 7 LCD Black,85
479,SAMN91002,For Samsung N910 Camera Ring+Lens Set White,2
478,6G48,For iPhone 6 Home Button Glue,0.5
477,6G47,For iPhone 6 Main Flex,3.5
476,6G46,For iPhone 6 Wifi antenna,0.3
475,sm001,For Samsung G900 S5 Touch White,3.8
474,sm002,For Samsung G900 S5 Touch Black,3.8
473,6G45,For iPhone 6 Backlit sizzling with ribbon cable,4.5
472,6G38,For iPhone 6 Test Flex,7.5
471,sm88,For Samsung Galaxy i9505 S4 Internal Speaker,4
470,6G37,For iPhone 6 Earpiece Filter,1
469,6G22,For iPhone 6 Volume Flex,7
468,6G19,For iPhone 6 Home Button Complete Gold,5.5
467,6G18,For iPhone 6 Screw Kit,0.6
466,sm103,For Samsung Galaxy i9505 S4 Charge Connector Board,9.5
465,6G17,For iPhone 6 Power Flex,8.5
464,6G16,For iPhone 6 Home Button Complete White,5.5
463,6G15,For iPhone 6 Home Button Complete Black,5.5
462,6G14,For iPhone 6 Home button flex black,4
461,6G13,For iPhone 6 Sensor Flex w. Camera complet,14
460,sm114,For Samsung S4 Back Cover Black I9505,5
459,HTM801,For HTC One M8 Sim Holder,5
458,6G12,For iPhone 6 earpiece,0.5
457,sm115,For Samsung S4 Back Cover white I9505,4
456,6G11,For iPhone 6 Back Camera,13
455,HTCD10L01,For HTC Desire 10 Lifestyle Complete LCD Black,160
454,sm127,For Samsung Galaxy i9505 S4 Sensor Flex Button,6
453,6G08,For iPhone 6 Speaker,5
452,HTC1003,For HTC 10 Battery,23
451,sm150,For Samsung Galaxy Note 2 N7100 Power Flex Cable,1.5
450,HTC1002,For HTC 10 LCD Complete White,200
449,sm151,For Samsung Galaxy i9505 S4 LCD Test Flex,4
448,HTC1001,For HTC 10 LCD Complete Black,200
447,sm174,For Samsung Galaxy Note 3 N9005 Charge Connector,12
446,sm175,For Samsung Galaxy Note 3 N9005 Back Camera,10
445,HT328,For HTC One M7 Back Cover White,30
444,sm176,For Samsung Galaxy Note 3 N9005 Audio Jack,3
443,HT308,For HTC One M8 Charge Flex,12
442,sm177,For Samsung Galaxy Note 3 N9005 Front Camera,10
441,HT307,For HTC One M8 LCD Complete White,130
440,HT306,For HTC ONE M8 LCD Complete Black,130
439,sm182,For Samsung Galaxy S4 Mini I9195 Back Camera,8
438,sm189,For Samsung Galaxy Mega I9205 Charge Connector,4
437,sm199,For Samsung Galaxy i9300 Touch Blue,12
436,sm202,For Samsung Galaxy i9300 S3 Touch Grey,15
435,sm203,For Samsung Galaxy i9300 S3 Touch Red,5
434,5SIC01,For iPhone 5S U2 Charging IC 1601,11
433,sm205,For Samsung Galaxy i9505 S4 Touch White,3.5
432,5SE04,For iPhone SE Back Camera,73
431,sm207,For Samsung Galaxy N7105 Touch White,6
430,sm208,For Samsung Galaxy N7105 Touch Grey,13
429,5SE02,For iPhone SE Charge & Audio Flex White,25
428,sm211,For Samsung Galaxy s4 Mini i9195 Touch Blue,4
427,5SE01,For iPhone SE Charge & Audio Flex Black,26
426,5S62,For iPhone 5S LCD White OEM,53
425,5S61,For iPhone 5S LCD Display OEM Black,53
424,5S58,For iPhone 5S/SE LCD Display Original Assembly Black,105
423,sm212,For Samsung Galaxy S4 Mini i9195 Touch White,4
422,sm214,For Samsung Galaxy Note 3 i9005 Touch White,5
421,5S57,For iPhone 5S/SE LCD Display Original Assembly White,105
420,5S53,For iPhone 5S WIFI Antenna Flex,1
419,5S46,For iPhone 5S Test Flex,7
418,5S20,For iPhone 5S LCD Display OEM White,88
417,5S19,For iPhone 5S LCD Display OEM Black,88
416,5S14,For iPhone 5S Home Button Complete Gold,7
415,5S13,For iPhone 5S Home Button Complete White,7
414,5S12,For iPhone 5S Home Button Complete Balck,6.3
413,5S11,For iPhone 5S Sensor Flex w. Camera,11
412,5S08,For iPhone 5S Earpiece,0.4
411,5S07,For iPhone 5S Home Button Flex,4
410,5S06,For iPhone 5S Speaker,0.6
409,5S03,For iPhone 5S Power Flex Cable Original,8
408,5S02,For iPhone 5S/SE LCD Display Original New White,130
407,5S01,For iPhone 5S/SE LCD Display Original New Black,125
406,5G83,For iPhone 5 LCD Display OEM (TM) White With Small Parts,69.9
405,5G82,For iPhone 5 LCD Display OEM (TM) Black With Small Parts,65.2
404,HT135,For HTC One M7 LCD Complete White,120
403,5G78,For iPhone 5 LCD Display Original Assembly Black,115
402,5G77,For iPhone 5 LCD Display Original Assembly White,115
401,HT68,For HTC One M7 LCD Complete Black,120
400,5G69,For iPhone 5 Backlight Ic Chip,11
399,5G32 ,For iPhone 5 Home Button Holder,0.5
398,5G31,For iPhone 5 Motherboard Flex Cable,1
397,5G027,For iPhone 5 LCD Display OEM White,53
396,5G026,For iPhone 5 LCD Display OEM Black,90
395,5G22,For iPhone 5 Button Kit Power Mute Volume Black & White,5
394, 5G16,For iPhone 5 Screw kit White,0.6
393,5G13,For iPhone 5 Earpiece,0.1
392,5G10,For iPhone 5 SIM Card Reader,1
391,5G09,For iPhone 5 Home Button white,1
390,5G08,For iPhone 5 Home Button Black,1
389,5G-007,For iPhone 5 Power Flex Cable Original,7
388,5G04,For iPhone 5 Back Camera,18
387,5G-002,For iPhone 5 Battery Original New,19
386,5C52,For iPhone 5C LCD Display Original Assembly Black,100
385,5C51,For iPhone 5C LCD Display OEM (LT) Black,57
384,5C19,For iPhone 5C Sensor Flex w. Camera,5.5
383,5C17,For iPhone 5C LCD Black OEM Original,120
382,5C10,For iPhone 5C Earpiece,0.8
381,5C09,For iPhone 5C Power Volume Button Flex,11
380,5C08,For iPhone 5C Back Camera,8
379,5C07,For iPhone 5C Front Camera,7
378,5C06,For iPhone 5C Antenna Flex Cable,1
377,5C05,For iPhone 5C Homebutton Flex,1
376,5C02,For iPhone 5C Charge & Audio Flex,200
375,4S47,For iPhone 4S LCD White OEM,55
374,sm241,For Samsung Galaxy Core Plus G3500 Touch Black,15
373,4S46,For iPhone 4S LCD Black OEM,55
372,sm242,For Samsung Galaxy Core Plus G3500 LCD,60
371,sm244,For Samsung Galaxy Trend Plus S7580 Touch Black,15
370,sm245,For Samsung Galaxy Trend Plus S7580 Touch White,15
369,4S34,For iPhone 4S Home Button Complete Black,1.8
368,sm306,For Samsung Galaxy SM-G900 S5 Back Camera,6
367,4S33,For iPhone 4S Home Button Complete White,1.8
366,sm308,For Samsung Galaxy SM-G900 S5 Battery-3.7V 2800mAh,33
365,sm309,For Samsung Galaxy S5 G900 Battery Cover Black,4
364,sm310,For Samsung Galaxy SM-G900 S5 Battery Cover White,4
363,4S18,For iPhone 4S Antenna Wifi,2
362,sm313,For Samsung Galaxy S5 Sim Reader,2
361,4S17,For iPhone 4S Sensor Flex,5
360,4S16,For iPhone 4S Vibrator,1
359,4S13,For iPhone 4S Home Button Holder,0.1
358,4S12,For iPhone 4S Home Button white,1.5
357,sm392,For Samsung Galaxy Alpha G850 Charge Flex,8
356,4S11,For iPhone 4S Home Button Black,1.5
355,4S09,For iPhone 4S Front Camera,2
354,4G56,For iPhone 4 LCD Black OEM,55
353,sm410,For Samsung Galaxy SM-G900 S5 Charge Flex,19
352,sm424,For Samsung Galaxy S2 i9100 Touch Black,4
351,4G39,For iPhone 4/4S Mesh Set,1
350,sm425,For Samsung Galaxy S5 G900 Battery Cover Gold,4
349,sm426,For Samsung Galaxy SM-G900 S5 Battery Cover Blue,4
348,sm430,For Samsung Galaxy S4 Mini i9195 Earpiece,4
347,4G14,For iPhone 4 Home Button White,1
346,sm532,For Samsung S5 G900 charger Door Black,1
345,sm533,For Samsung S5 G900 charger Door White,1
344,4G12,For iPhone 4 Home Button Black,1
343,4G09,For iPhone 4 Front Camera,2
342,sm564,For Samsung Galaxy S6 Battery,39
341,sm569,For Samsung Note Edge N915 Charge Flex,22
340,4G07,For iPhone 4 Sensor Flex,5
339,4G03,For iPhone 4 Vibrator,1
338,sama510f16,For Samsung SM-A510F A5 (2016) microfone flex cable,5.5
337,sama510f15,For Samsung A5/A3 (2016) Camera Lens Kit,1
336,sama510f09,For Samsung SM-A510F A5 (2016) antenna wifi,4
335,sama510f08,For Samsung SM-A510F A5 (2016) Front Camera,10
334,sama510f07,For Samsung SM-A510F A5 (2016) Back Camera,25
333,sama510f06,For Samsung SM-A510F A5 (2016) speaker,8
332,sama510f05,For Samsung SM-A510F A5 (2016) power flex,8
331,sama510f03,For Samsung SM-A510F A5 (2016) volume flex,8
330,sama510f02,For Samsung SM-A510F A5 (2016) earpiece,11
329,gh96-09789e,For Samsung SM-G930F S7 home button flex pink/gold,
328,gh43-04257a,For Samsung SM-G800F S5 Mini battery EB-BG800BBE (original),22
327,7g59,For iPhone 7 SIM Card Tray gold,1.3
326,7g58,For iPhone 7 SIM Card Tray silver,1.5
325,7g57,For iPhone 7 SIM Card Tray black,1.5
324,7g37,For iPhone 7 SIM Card Tray jet black,1.3
323,7g36,For iPhone 7 SIM Card Tray red,2
322,7g35,For iPhone 7 SIM Card Tray rose gold,1.5
321,6sp029,For iPhone 6S Plus Charge Flex Grey,22
320,6s92,For iPhone 6S Screw kit silver,1.5
319,op026,For OnePlus 3 Charger Flex,60
318,op025,For OnePlus 3 Loud Speaker,10
317,op024,For OnePlus 3 Ear Speaker,1
316,op023,For OnePlus 3 Vibrating Motor,13
315,op020,For OnePlus 3 Sim Card Tray Black,12
314,op019,For OnePlus 3 Facing Camera,20
313,op018,For OnePlus 3 Earphone Jack Flex,18
312,6p69,For iPhone 6 Plus LCD Display Original Black,300
311,6p61,For iPhone 6 Plus LCD Display Original White,285
310,op017,For OnePlus 3 Power Flex,10
309,op016,For OnePlus 3 motherboard Flex Cable (A3003),10
308,op015,For OnePlus3 motherboard Flex Cable (A3000),10
307,OP014,For OnePlus X Charger Port Flex,10
306,op012,For OnePlus X Power Button and Volume Button Flex,6
305,OP010,For OnePlus X Battery,30
304,HUAM901,For Huawei Mate 9/Mate 9 pro Battery,30
303,GH43-03701B,For Samsung S7560/S7560M/S7580/S7582 Battery EB425161LU 1500mAh,18
302,samg950f14,For Samsung SM-G950F S8 Back Cover Blue,30
301,samg950f12,For Samsung SM-G950F S8 Back Cover Silver,30
300,BA127,For Samsung Galaxy Note 3 N9005 Battery OEM,
299,samg950f11,For Samsung SM-G950F S8 Back Cover Black,18
298,BA14,For Samsung S5830 Ace GIO Battery Copy,
297,BA02,For Samsung Galaxy i9100 S2 Battery Copy,38
296,sama510f13,For Samsung A5 2016 Back Cover Black,25
295,4.89706E+12,Battery for Samsung I9300/I9305 S3,20
294,sama510f12,For Samsung A5 2016 Back Cover White,25
293,sama510f11,For Samsung A52016 Back Cover Gold,6
292,4.89706E+12,For Samsung SM-G850F S5 mini battery,22
291,4.89706E+12,Battery for Samsung N910F Note 4,25
290,SAMG955F07,For Samsung SM-G955F S8 Plus Sim Card Holder Silver,5
289,sonxp03,For Sony X Performance LCD complete lime,200
288,SAMG955F02,For Samsung SM-G955F Galaxy S8 Plus LCD Display Original New,33
287,SAMG950F02,For Samsung Galaxy SM-G950F S8 LCD Display Original New Black,1180
286,SAMG950F08,For Samsung SM-G950F S8 Sim Card Holder Violet,4
285,SAMG950F07,For Samsung SM-G950F S8 Sim Card Holder Silver,5
284,SAMG950F06,For Samsung SM-G950F S8 Sim Card Holder Black,4
283,samg930f35,For Samsung S7 LCD Change Glass Silver,720
282,SAMG955F08,For Samsung SM-G955F S8 Plus Sim Card Holder Violet,5
281,SAMG955F06,For Samsung SM-G955F S8 Plus Sim Card Holder Black,4
280,7P66,For iPhone 7 Plus LCD Display OEM (AUO) White,146
279,7P65,For iPhone 7 Plus LCD Display OEM (AUO) Black,145
278,7G32,For iPhone 7 LCD Display OEM (AUO) Black,140
277,7G31,For iPhone 7 LCD Display OEM (AUO) White,145
276,sm723,For Samsung SM-N920F Note 5 Chaeger Flex,27
275,6g92,For iPhone 6 Home Button Flex Connection Flex,6
274,SONZ5C028,For Sony Xperia Z5 Compact Microphone Flex,6
273,SAMG955F29,For Samsung SM-G955F S8 Plus Home Button Violet,85
272,SAMG955F27,For Samsung SM-G955F S8 Plus Home Button Black,85
271,SAMG955F24,For Samsung SM-G955F S8 Plus Audio Flex-Ear Jack,2.5
270,SAMG955F21,For Samsung SM-G955F S8 Plus Vibrator,3
269,SAMG955F15,For Samsung SM-G955F S8 Plus Charge Flex,29
268,SAMG955F09,For Samsung SM-G955F S8 Plus Front Camera,29
267,SAMG950F28,For Samsung SM-G950F S8 Home Button Violet,23
266,SAMG950F27,For Samsung SM-G950F S8 Home Button Silver,85
265,SAMG950F26,For Samsung SM-G950F S8 Home Button Black,85
264,6S89,For iPhone 6S LCD Assembly White LT,145
263,SAMG950F25,For Samsung SM-G950F S8 Back Camera,95
262,SAMG950F23,For Samsung SM-G950F S8 Audio Flex-Ear Jack,2.5
261,6S88,For iPhone 6S LCD Assembly Black LT,145
260,SAMG950F22,For Samsung SM-G950F S8 Sensor Flex Cable,15
259,SAMG950F20,For Samsung SM-G950F S8 Vibrator,3
258,6S42,For iPhone 6S LCD Display White With Small Parts ,186
257,6S41,For iPhone 6S LCD Display Black With Small Parts,161.8
256,5C53,For iPhone 5C LCD Assembly Black shenchao,58
255,IPAP53,For iPad Pro 9.7 LCD Display Original New White,620
254,IPAP52,For iPad Pro 9.7 LCD Display Original New Black,680
253,HUAY6P01,For Huawei Y6 LCD/Touch Black,90
252,HUAP910,For Huawei P9/Honor8 Battery,22
251,HUAP909,For Huawei P9 battery original,20
250,HUAM803,For HuaWei Mate 8 LCD Original Gold,
249,HUAM802,For HuaWei Mate 8 LCD Original White,
248,HUAM801,For HuaWei Mate 8 LCD Original Black,
247,SAMG950F17,For Samsung SM-G950F S8 Ear Speaker,3
246,SAMG950F16,For Samsung Galaxy SM-G950F S8 Camera Lens black,2
245,SAMG950F15,For Samsung Galaxy SM-G950F S8 Charge Flex,20
244,SAMG950F09,For Samsung SM-G950F S8 Front Camera,15
243,SAMG955F31,For Samsung SM-G955F S8 Plus Camera Lens Violet,2
242,SAMG955F30,For Samsung SM-G955F S8 Plus Camera Lens Sliver,5
241,CA90,Spinner Overwatch dart gold,10
240,CA89,Spinner Overwatch dart silver,10.5
239,CA88,Spinner dart gold,13
238,CA86,Spinner Triangle Aluminum alloy dark blue,9
237,CA85,Spinner Iron Man red and gold,13
236,CA84,Spinner The Flash,10
235,CA83,Spinner Batman black and gold,12
234,CA82,Spinner Iron Man,10
233,CA81,Spinner spider-man,10
232,CA80,Spinner Batman black,10
231,CA79,Spinner America Shield,12
230,CA78,Spinner Russia silver,14
229,CA77,Spinner russia Black,14
228,CA76,Spinner Russia rose red,15
227,CA75,Spinner Russia Glod,15
226,CA74,Spinner Triangle and round rose red,13.5
225,CA72,Spinner tetrapod dazzling,10
224,CA71,Spinner Luminous Light Blue,18
223,CA70,Spinner Luminous violet,18
222,CA69,Spinner Luminous green,7
221,CA68,Spinner Luminous Yellow,18
220,CA67,Spinner Luminous dark blue,18
219,CA66,Spinner Luminous pink,18
218,CA65,Spinner Gyro white,23
217,CA64,Spinner Gyro black,23
216,CA63,Spinner Triangle Aluminum alloy silver,9.5
215,CA62,Spinner Triangle Aluminum alloy black,9.5
214,CA61,Spinner Triangle Aluminum alloy pink,9.5
213,CA60,Spinner Triangle  Aluminum alloy gold,9.5
212,CA59,Spinner hot wheel Colorful,11
211,CA56,Spinner two-leaf dazzling,11
210,CA55,Spinner Chinese redbud dazzling,10
209,CA47,spinner quadrangle symbol plastic black,4.5
208,CA46,Spinner threeleaf plastic Yellow,2.2
207,CA45,Spinner threeleaf plastic Black,2.2
206,CA44,Spinner threeleaf plastic white,2.2
205,CA43,Spinner threeleaf plastic Green,2.2
204,CA42,Spinner Triangle Dark Blue,11
203,CA41,Spinner Triangle Gold,11
202,CA40,Spinner Triangle Silver,11
201,CA39,Spinner Triangle Black,11
200,CA38,Spinner two-lobed gold,9
199,CA37,Spinner two-lobed blue,9
198,CA36,Spinner two-lobed silver,9
197,CA35,Spinner two-lobed black,8.5
196,CA34,Spinner two-lobed pink,9
195,CA33,Spinner six-arm Gold,11.5
194,CA32,Spinner Threeleaf dazzling,10
193,CA31,Spinner water drop gold,15
192,CA30,Spinner cent Gold,12
191,CA28,Spinner Captain America,10
190,CA25,Spinner Triangle dazzling ,8.5
189,4.89706E+12,For iPhone 7 IMD Marble Case Black,8
188,4.89706E+12,For iPhone 7 IMD Marble Case Blue,8
187,4.89706E+12,For iPhone 6 IMD Marble Case Light Black,8
186,4.89706E+12,For iPhone 6 IMD Marble Case Black and White,8
185,4.89706E+12,For iPhone 6 IMD Marble Case New Black,8
184,4.89706E+12,For iPhone 6 IMD Marble Case Green and Yellow,8
183,4.89706E+12,For iPhone 6 IMD Marble Case Milk White,8
182,4.89706E+12,For iPhone 6 IMD Marble Case Black,8
181,4.89706E+12,For iPhone 6 IMD Marble Case Blue ,8
180,4.89706E+12,For iPhone 6 IMD Marble Case New Pink,
179,4.89706E+12,For iPhone 6 IMD Marble Case Light Pink,
178,4.89706E+12,For iPhone 6 IMD Marble Case Jade,8
177,4.89706E+12,For iPhone 6 IMD Marble Case Green,8
176,4.89706E+12,For iPhone 7 shining Case Green,6
175,4.89706E+12,For iPhone 7 silicone case White,20
174,4.89706E+12,For iPhone 7 silicone case Midnight Blue,20
173,4.89706E+12,For iPhone 7 silicone case Red,20
172,4.89706E+12,For iPhone7 Plus silicone Case Cocoa,22
171,4.89706E+12,For iPhone7 Plus silicone Case Red,22
170,4.89706E+12,For iPhone7 Plus silicone Case Grey,22
169,4.89706E+12,For iPhone7 Plus silicone Case Ocean Blue,22
168,4.89706E+12,For iPhone7 Plus silicone Case Pink Sand,21
167,4.89706E+12,For iPhone 7 silicone case Black,20
166,4.89706E+12,For iPhone 7 silicone case Blue,20
165,4.89706E+12,For iPhone 7 silicone case Light green,20
164,4.89706E+12,For iPhone 7 silicone case Grey,20
163,4.89706E+12,For iPhone 6 Silicone Case Gray,20
162,4.89706E+12,For iPhone 6 Silicone Case Red,20
161,4.89706E+12,For iPhone 6 silicone case Midnight Blue,20
160,4.89706E+12,For iPhone 6 Silicone Case Black,20
159,4.89706E+12,For iPhone 6 Silicone Case White,20
158,samg955f26,For Samsung SM-G955F S8 Plus Back Camera,95
157,SAMG955F23,For Samsung SM-G955F S8 Plus Sensor Flex Cable,15
156,4.89706E+12,For Huawei Honor 8 Leather Wallet Case,38.5
155,SAMG955F18,For Samsung SM-G955F S8 Plus Ear Speaker,3
154,SAMG955F17,For Samsung SM-G955F S8 Plus Camera Lens black,3
153,4.89706E+12,For Sony XZ Leather Wallet Case,38.5
152,SAMG950F30,For Samsung Galaxy SM-G950F S8 Camera Lens Violet,2
151,SAMG950F29,For Samsung SM-G950F S8 Camera Lens silver,5
150,SAMA510F01,For Samsung SM-A510F A5 (2016) Charge Connector,22
149,7P30,For iPhone 7 Plus LCD & 3D Test Flex,18
148,7P29,For iPhone 7 Plus Back Camera,280
147,7P28,For iPhone 7 Plus Front Camera w/ Sensor Flex,60
146,4.89706E+12,For Samsung S8 Genuine leather Brown,
145,4.89706E+12,For Samsung S8 Genuine leather Blue,40.86
144,4.89706E+12,For Samsung S8 Genuine leather Black,40.86
143,4.89706E+12,For Samsung S7 Edge Leather Wallet Case,40.86
142,4.89706E+12,wallet leather case for Samsung s7 edge blue,40.86
141,7P27,For iPhone 7Plus vibrator,95
140,7P26,For iPhone 7 Plus Speaker,63
139,4.89706E+12,For Samsung S7 Leather Wallet Case,40.86
138,7P25,For iPhone 7 PLUS Charge Connector gray,55
137,4.89706E+12,For Samsung A3 2017 Leather Wallet Case,38.14
136,4.89706E+12,For Samsung A5 2017 Leather Wallet Case,40.86
135,4.89706E+12,For iPhone 5/5S/SE wallet case real leather case black,
134,7P23,For iPhone 7 Plus Charge Flex Black,38.14
133,4.89706E+12,For iPhone 5/5S/SE wallet case real leather case blue,38.14
132,4.89706E+12,For iPhone 5/5S/SE wallet case real leather case red,38.14
131,7G30,For iPhone 7 LCD & 3D Test Flex,18
130,4.89706E+12,For iPhone 5/5S/SE wallet case real leather case brown,38.14
129,6P27,For iPhone 6 plus Sim Card Tray Silver,2
128,samg930f32,For Samsung S7 Touch Glass Gold,6.5
127,4.89706E+12,For iPhone 6 wallet case real leather case blue,38.14
126,4.89706E+12,For iPhone 6 wallet case real leather case red,38.14
125,4.89706E+12,For iPhone 6/6S wallet case real leather case brown,8.14
124,4.89706E+12,For iPhone 6/6S wallet case real leather case black,38.5
123,4.89706E+12,For iPhone 7 wallet case real leather case blue,31.9
122,4.89706E+12,For iPhone 7 wallet case real leather case red,31.9
121,6p68,For iPhone 6 Plus LCD Assembly White TM,115
120,4.89706E+12,Japan SuperGlass For iPhone 7 0.2mm 50 pcs box,440
119,4.89706E+12,Japan SupperGlass For iPhone 6 /6S 0.2mm 50 pcs box,440
118,TBH802,LianGuang Case For Sony Z2 White,
117,4.89706E+12,For iPhone 6/6S IMD Marble Case Red,8
116,TOL08,BEST 668 Screwdriver For Philips PH000,12
115,4.89706E+12,For iPhone 7 Plus Silicone Case White,22
114,4.89706E+12,For iPhone 7 wallet case real leather case brown,31.9
113,4.89706E+12,For iPhone 7 Leather Wallet Case ,38.5
112,ipap57,For iPad Pro 9.7 Volume Buttons Cable,6
111,4.89706E+12,For iPhone 7 Plus Leather Wallet Case ,
110,IPAP50,"For iPad Pro 9,7 Charge Connector White",11
109,4.89706E+12,Leather Case with Wallet For iPhone 7,44.94
108,HUAPLITE09,For Huawei P9 Lite Charge Connector,15
107,4.89706E+12,For Samsung S8Plus PU case black,27.6
106,HUAM9P02,For Huawei Mate 9 Pro earpiece,1
105,7GIC03,For iPhone 7/7 Plus Power Big ic,28
104,4.89706E+12,For Charging Kit Lightning ,42.1
103,7GIC02,For iPhone 7/7 Plus Audio Big ic,9
102,6SIC13,For iPhone 6S/6S Plus USB ic,16.5
101,4.89706E+12,For Samsung S8 PU case black,26.8
100,6SIC11,For iPhone 6S/6S Plus Light coil,2
99,6SIC09,For iPhone 6S/6S Plus power small ic,12
98,4.89706E+12,Magnetic lightning Cable silver,37.5
97,4.89706E+12,Magnetic Micro USB Cable gold,34
96,6SIC08,For iPhone 6S/6SPlus power Big ic,36
95,6SIC07,For iPhone 6S/6S Plus Audio Small ic,6
94,4.89706E+12,Magnetic Type C-A Cable silver,43.4
93,6SIC06,For iPhone 6S/6SPlus Audio Big ic,9
92,6SIC02,For iPhone 6S RF WLAN Bluetooth Wifi Module Ic Chip,17
91,4.89706E+12,Japan SupperGlass For iPhone 5/5S/5C 0.33mm 50 pcs box,
90,6GIC06,For iPhone 6/6 Plus Power Big IC,33
89,4.89706E+12,For Samsung S8 Plus Super Glass Gold,40.56
88,6GIC03,For iPhone 6/6 Plus Touch white ic,13
87,SM565,For Samsung Galaxy S6 edge Battery,42
86,SAMG930F04,For Samsung SM-G930F S7 Charge Flex,19
85,SAG92507,For Samsung S6 Edge Charger Flex,22
84,OPX01,For OnePlus X lcd white,510
83,LGG506,For LG G5 Battery,30
82,HUAP1001,For Huawei P10 Battery,30
80,6G21,For iPhone 6 Original Battery,25
79,6p67,For iPhone 6 Plus LCD Assembly Black TM,115
78,ipap12,For iPad Pro 12.9 LCD white original new with long flex,1280
77,LP156XW02,Laptop Screen 156XW02 V.2,260
76,5Gic01,For iPhone 5 U2 Charging IC 1608,5
74,4.89706E+12,For iPhone 7 KDS Wallet Case Red,28
73,SAMG935F35,For Samsung S7 edge Back cover rose with emie,26
72,SAMG930F36,For Samsung S7 Back cover rose with emie,23
71,IPam31,For iPad Mini Backlight IC 6676BZ,6
70,IP2ic01,For iPad 2 power supply ic,6
69,7gic04,For iPhone 7/7 Plus power small ic,18
68,7gic06,For iPhone 7/7 Plus light ic,5
67,7Gic05,For iPhone 7/7 Plus UCB IC,11
66,7Gic01,For iPhone 7/7 Plus Audio Small ic,6
65,6sic10,For iPhone 6s light ic,5
64,6p51,For iPhone 6 Plus Wifi IC,5
63,6GiC07,For iPhone 6/6 Plus Light ic,3
62,6GIC13,For iPhone 6S/6S Plus USB ic,12
61,6Gic12,For iPhone 6 backlight ic u1502,12
60,6Gic05,For iPhone 6/6 Plus Power small ic,25
59,6Gic04,For iPhone 6/6 Plus Touch black ic,25
58,6G61,For iPhone 6 Wifi IC,5
57,5s60,For iPhone 5S Wifi IC,6
56,5s25,For iPhone 5S Power Supply IC,10
55,5G72,For iPhone 5 Trackpad Controller touchscreen Touch IC,6
54,5c50,For iPhone 5C Wifi IC,6
53,4g43,For iPhone 4 Power Supply IC,6
52,SAMG950F01,For Samsung SM-G950F S8 Battery,36
51,SAMA520F01,For Samsung SM-A520 A5 2017 Battery,40
50,SAMA320F01,For Samsung SM-A320 A3 2017 Battery,30
49,SAMG955F01,For Samsung SM-G955F S8 Plus Battery,42
48,4.89706E+12,For iPhone 7 Shining Case silver,6
47,4.89706E+12,For iPhone 7 Shining Case Red,6
46,4.89706E+12,For iPhone 6 Shining Case Pink,6
45,4.89706E+12,For iPhone 6 Shining Case Green,
44,4.89706E+12,For iPhone 6 Shining Case Gold,6
43,ap99,For iPad 2 Audio Jack Flex (WIFI),4
42,4.89706E+12,For iPhone 6 Shining Case Red,6
41,4.89706E+12,For iPhone 7 silicone case Pink,20
40,4.89706E+12,For iPhone 6 silicone case green,20
39,4.89706E+12,For iPhone 6 silicone case Pink,20
38,4.89706E+12,For iPhone 6 silicone case blue,20
36,4.89706E+12,For iPhone7 Plus Silicone Case Light Green,22
35,4.89706E+12,For iPhone7 Plus Silicone Case Midnight Blue,21
34,4.89706E+12,For iPhone7 Plus Silicone Case Black,21
33,4.89706E+12,For S8 Plus Breaking Proof Case Black,5
32,4.89706E+12,For S8 Breaking Proof Case Pink,4.5
31,4.89706E+12,For S8 Breaking Proof Case Gold,4.5
30,4.89706E+12,For iPhone 6 Shining Case Silver,6
29,4.89706E+12,Genuine leather wallet case for Samsung s7 blue,40.86
28,4.89706E+12,For iPhone 7 Shining Case Gold,6
27,4.89706E+12,Genuine leather wallet case for iPhone7 Plus brown,40.86
26,4.89706E+12,Genuine leather wallet case for iPhone7 Plus blue,40.86
